Workbook
Name EsfuerzodelPlan: #REF!
Name log_HorasTrabajadas: #REF!
Name log_PorcentajeTareas: #REF!
Name MiembrosEquipo: #REF!
Name log_NombresMiembroEquipo: #REF!
Name log_SemanaTrabajada: #REF!
Name log_CodigosActividad: #REF!
Name SemanadelPlan: #REF!
Name PersonasdelPlan: #REF!
Name FasesProceso: #REF!
Name CodigosActividad: #REF!
Name TareasdelPlan: #REF!

Sheet Ayuda
A1: Instrucciones para generar el informe de valor ganado
A2: Pasos
A3: 0 | B3: Introducir el nombre del proyecto, el nombre de la compañía o su logo en la hoja de informe
A4: 1 | B4: Dar de alta los nombres de los miembros del equipo y sus abreviaturas en la hoja de Equipo. Además hay que renombrar las hojas existentes. Si hay menos miembros poner un miembro ficticio.Asegurrarse que el nombre de las hojas corresponden coon las abreviaturas del equipo.
A5: 2 | B5: Dar de alta la lista de Tareas del proyecto en la hoja de Tareas. La hoja de tareas contiene un ejemplo que hay que adaptar según el plan de proyecto de cada equipo. Ahorra se tiene codificado un maximo de 200 tareas.
A6: 3 | B6: Introducir las horas planificadas para cada tarea (PV, a partir de la columna N ) según el plan de proyecto en cada una de las hojas de los miembros del equipo
A7: 4 | B7: Una vez planificado el proyecto hay que ir introduciendo los esfuerzo real de cada tarea (AC , a partir de columna C en cada hoja de cada miembro) de cada para cada uno de los miembros del equipo
A8: 5 | B8: Tambien hay que introducir el avance de cada tarea en la hoja EV, en la hoja aparecen sombreadas en color azul las celdas donde se han dedicado horas de trabajo
A9: 6 | B9: Tambien se pueden hacer anotaciones en el campo Resumen de la hoja de informe para registrar las decisiones que afectan al proyecto
A10: 7 | B10: En la hoja de informe indicar la fecha del informe y la semana para la que se quiere realizar el informe (ajustar las semanas a las semanas del ciclo, p. ej. Ciclo 1, 7 semanas)
A18: Version
A19: H | B19: Actualizada la formula del calculo del TBC: Ampliando la suma hasta la semana 8, en la version anterior solo sumaba hasta la 7

Sheet Informe
A1: BEERSP | M1: BeerSP
A3: Informe del Analisis de Valor Ganado
B5: Preparado por: | C5: Laura Herández
B6: Fecha informe: | C6: 45964
B9: Para el periodo: | C9: 8 | D9: ← Puedes cambiar la semana del informe
A12: Resumen:
B13: [Usa este espacio para escribir un breve resumen o aquellas anotaciones que quieras destacar]
A22: Planned Value (PV) o Budgeted Cost of Work Scheduled (BCWS) | D22: S1 | E22: S2 | F22: S3 | G22: S4 | H22: S5 | I22: S6 | J22: S7 | K22: S8 | P22: ← Puedes cambiar las etiquetas para los periodos (ej. Week 1/2/3, Semana 1/2/3, etc.)
C23: Coste Total Presupuestado | D23: =PV!D7 -> 9.4 | E23: =PV!E7 -> 8.5 | F23: =PV!F7 -> 14.2 | G23: =PV!G7 -> 12 | H23: =PV!H7 -> 8.7 | I23: =PV!I7 -> 7.6 | J23: =PV!J7 -> 15.8 | K23: =PV!K7 -> 11.3 | P23: solo hace falta editar los valores de las celdas azules
C24: Valor Planificado Acumulado | D24: =IF(D23="","",D23) -> 9.4 | E24: =IF(E23="",D24,D24+E23) -> 17.9 | F24: =IF(F23="",E24,E24+F23) -> 32.1 | G24: =IF(G23="",F24,F24+G23) -> 44.1 | H24: =IF(H23="",G24,G24+H23) -> 52.8 | I24: =IF(I23="",H24,H24+I23) -> 60.4 | J24: =IF(J23="",I24,I24+J23) -> 76.2 | K24: =IF(K23="",J24,J24+K23) -> 87.5
C25: Presupuesto Inicial | D25: =MAX(PV!D8:K8) -> 87.5
A27: Coste Actual y Valor Ganado
C28: Coste Real Acumulado (AC) | D28: =IF($C$9>=COLUMN(D$22)-3,AC!D7,NA()) -> 7.6 | E28: =IF($C$9>=COLUMN(E$22)-3,AC!E7,NA()) -> 13.1 | F28: =IF($C$9>=COLUMN(F$22)-3,AC!F7,NA()) -> 28.3 | G28: =IF($C$9>=COLUMN(G$22)-3,AC!G7,NA()) -> 42.1 | H28: =IF($C$9>=COLUMN(H$22)-3,AC!H7,NA()) -> 51.8 | I28: =IF($C$9>=COLUMN(I$22)-3,AC!I7,NA()) -> 58.7 | J28: =IF($C$9>=COLUMN(J$22)-3,AC!J7,NA()) -> 69.2 | K28: =IF($C$9>=COLUMN(K$22)-3,AC!K7,NA()) -> 79.3
C29: Valor Ganado Acumulado(EV) | D29: =IF($C$9>=COLUMN(D$22)-3,EV!D7,NA()) -> 9.4 | E29: =IF($C$9>=COLUMN(E$22)-3,EV!E7,NA()) -> 17.1 | F29: =IF($C$9>=COLUMN(F$22)-3,EV!F7,NA()) -> 36.65 | G29: =IF($C$9>=COLUMN(G$22)-3,EV!G7,NA()) -> 43.1 | H29: =IF($C$9>=COLUMN(H$22)-3,EV!H7,NA()) -> 52.8 | I29: =IF($C$9>=COLUMN(I$22)-3,EV!I7,NA()) -> 60.4 | J29: =IF($C$9>=COLUMN(J$22)-3,EV!J7,NA()) -> 74 | K29: =IF($C$9>=COLUMN(K$22)-3,EV!K7,NA()) -> 87.5
C30: Coste real proyecto | D30: =MAX(AC!D7:K7) -> 79.3
A32: Metricas de rendimiento del Proyecto
C33: Cost Variance (CV = EV - AC) | D33: =IF(OR(ISERROR(D28),ISERROR(D29))," - ",D29-D28) -> 1.8 | E33: =IF(OR(ISERROR(E28),ISERROR(E29))," - ",E29-E28) -> 4 | F33: =IF(OR(ISERROR(F28),ISERROR(F29))," - ",F29-F28) -> 8.35 | G33: =IF(OR(ISERROR(G28),ISERROR(G29))," - ",G29-G28) -> 1 | H33: =IF(OR(ISERROR(H28),ISERROR(H29))," - ",H29-H28) -> 1 | I33: =IF(OR(ISERROR(I28),ISERROR(I29))," - ",I29-I28) -> 1.7 | J33: =IF(OR(ISERROR(J28),ISERROR(J29))," - ",J29-J28) -> 4.8 | K33: =IF(OR(ISERROR(K28),ISERROR(K29))," - ",K29-K28) -> 8.2
C34: Schedule Variance (SV = EV - PV) | D34: =IF(OR(ISERROR(D24),ISERROR(D29))," - ",D29-D24) -> 0 | E34: =IF(OR(ISERROR(E24),ISERROR(E29))," - ",E29-E24) -> -0.8 | F34: =IF(OR(ISERROR(F24),ISERROR(F29))," - ",F29-F24) -> 4.55 | G34: =IF(OR(ISERROR(G24),ISERROR(G29))," - ",G29-G24) -> -1 | H34: =IF(OR(ISERROR(H24),ISERROR(H29))," - ",H29-H24) -> 0 | I34: =IF(OR(ISERROR(I24),ISERROR(I29))," - ",I29-I24) -> 0 | J34: =IF(OR(ISERROR(J24),ISERROR(J29))," - ",J29-J24) -> -2.2 | K34: =IF(OR(ISERROR(K24),ISERROR(K29))," - ",K29-K24) -> 0
C35: Cost Performance Index (CPI = EV/AC) | D35: =IF(OR(ISERROR(D28),ISERROR(D29))," - ",D29/D28) -> 1.2368421 | E35: =IF(OR(ISERROR(E28),ISERROR(E29))," - ",E29/E28) -> 1.3053435 | F35: =IF(OR(ISERROR(F28),ISERROR(F29))," - ",F29/F28) -> 1.295053 | G35: =IF(OR(ISERROR(G28),ISERROR(G29))," - ",G29/G28) -> 1.023753 | H35: =IF(OR(ISERROR(H28),ISERROR(H29))," - ",H29/H28) -> 1.019305 | I35: =IF(OR(ISERROR(I28),ISERROR(I29))," - ",I29/I28) -> 1.0289608 | J35: =IF(OR(ISERROR(J28),ISERROR(J29))," - ",J29/J28) -> 1.0693642 | K35: =IF(OR(ISERROR(K28),ISERROR(K29))," - ",K29/K28) -> 1.1034048
C36: Schedule Performance Index (SPI = EV/PV) | D36: =IF(OR(ISERROR(D24),ISERROR(D29))," - ",D29/D24) -> 1 | E36: =IF(OR(ISERROR(E24),ISERROR(E29))," - ",E29/E24) -> 0.95530726 | F36: =IF(OR(ISERROR(F24),ISERROR(F29))," - ",F29/F24) -> 1.1417445 | G36: =IF(OR(ISERROR(G24),ISERROR(G29))," - ",G29/G24) -> 0.97732426 | H36: =IF(OR(ISERROR(H24),ISERROR(H29))," - ",H29/H24) -> 1 | I36: =IF(OR(ISERROR(I24),ISERROR(I29))," - ",I29/I24) -> 1 | J36: =IF(OR(ISERROR(J24),ISERROR(J29))," - ",J29/J24) -> 0.97112861 | K36: =IF(OR(ISERROR(K24),ISERROR(K29))," - ",K29/K24) -> 1
C37: Estimated Cost at Completion (EAC) | D37: =IF(AND(ISERROR(D28),ISERROR(D29))," - ",$D$25/D35) -> 70.744681 | E37: =IF(AND(ISERROR(E28),ISERROR(E29))," - ",$D$25/E35) -> 67.032164 | F37: =IF(AND(ISERROR(F28),ISERROR(F29))," - ",$D$25/F35) -> 67.564802 | G37: =IF(AND(ISERROR(G28),ISERROR(G29))," - ",$D$25/G35) -> 85.469838 | H37: =IF(AND(ISERROR(H28),ISERROR(H29))," - ",$D$25/H35) -> 85.842803 | I37: =IF(AND(ISERROR(I28),ISERROR(I29))," - ",$D$25/I35) -> 85.037252 | J37: =IF(AND(ISERROR(J28),ISERROR(J29))," - ",$D$25/J35) -> 81.824324 | K37: =IF(AND(ISERROR(K28),ISERROR(K29))," - ",$D$25/K35) -> 79.3
B40: Ratios productividad Real del Ciclo
D41: Coste Real Acumulado (AC) | E41: =D30 -> 79.3 | H41: Coste Real Acumulado (AC) | I41: =D30 -> 79.3
D42: Puntos de Funcion Ciclo (PF) | E42: 83 | H42: Lineas de Código (LOC) | I42: 2028
D43: Ratio de productividad | E43: =IF(E42=0,"Falta PF",E41/E42) -> 0.95542169 | F43: horas/PF | H43: Ratio de productividad | I43: =IF(I42=0,"Falta LOC",I41/I42) -> 0.039102564 | J43: horas/LOC

Sheet EV
A1: Hoja de Valor Ganado
B2: Completa el porcentaje de progreso que tiene cada tarea
B3: Asegurate que los nombres son los mismos
B4: Introduce el % de avance para cada tarea, de esa manera se calcula el valor ganado
B5: Cuando una tarea ha alcanzado el 100% en la semanas posteriores sigue intrroduciendo el 100% | M5: ← Las celdas con sombreado azul significa que se ha trabajado horas
A7: Valor Ganado Acumulado(EV) | D7: =SUMPRODUCT($C$10:$C1000,D$10:D1000) -> 9.4 | E7: =SUMPRODUCT($C$10:$C1000,E$10:E1000) -> 17.1 | F7: =SUMPRODUCT($C$10:$C1000,F$10:F1000) -> 36.65 | G7: =SUMPRODUCT($C$10:$C1000,G$10:G1000) -> 43.1 | H7: =SUMPRODUCT($C$10:$C1000,H$10:H1000) -> 52.8 | I7: =SUMPRODUCT($C$10:$C1000,I$10:I1000) -> 60.4 | J7: =SUMPRODUCT($C$10:$C1000,J$10:J1000) -> 74 | K7: =SUMPRODUCT($C$10:$C1000,K$10:K1000) -> 87.5
B9: Nombre Tarea | C9: TBC | D9: =Informe!D22 -> S1 | E9: =Informe!E22 -> S2 | F9: =Informe!F22 -> S3 | G9: =Informe!G22 -> S4 | H9: =Informe!H22 -> S5 | I9: =Informe!I22 -> S6 | J9: =Informe!J22 -> S7 | K9: =Informe!K22 -> S8
B10: =IF(ISBLANK(Tareas!B6)," - ",Tareas!B6) -> 1. Reunión 1 | C10: =PV!C10 -> 4.5 | D10: 1 | E10: =IF(D10="","",MAX($D10:D10)) -> 1 | F10: =IF(E10="","",MAX($D10:E10)) -> 1 | G10: =IF(F10="","",MAX($D10:F10)) -> 1 | H10: =IF(G10="","",MAX($D10:G10)) -> 1 | I10: =IF(H10="","",MAX($D10:H10)) -> 1 | J10: =IF(I10="","",MAX($D10:I10)) -> 1 | K10: =IF(J10="","",MAX($D10:J10)) -> 1
B11: =IF(ISBLANK(Tareas!B7)," - ",Tareas!B7) -> 2. Asignación de roles | C11: =PV!C11 -> 0.9 | D11: 1 | E11: =IF(D11="","",MAX($D11:D11)) -> 1 | F11: =IF(E11="","",MAX($D11:E11)) -> 1 | G11: =IF(F11="","",MAX($D11:F11)) -> 1 | H11: =IF(G11="","",MAX($D11:G11)) -> 1 | I11: =IF(H11="","",MAX($D11:H11)) -> 1 | J11: =IF(I11="","",MAX($D11:I11)) -> 1 | K11: =IF(J11="","",MAX($D11:J11)) -> 1
B12: =IF(ISBLANK(Tareas!B8)," - ",Tareas!B8) -> 3. Definición del estándar de documentación | C12: =PV!C12 -> 1.2 | D12: 1 | E12: =IF(D12="","",MAX($D12:D12)) -> 1 | F12: =IF(E12="","",MAX($D12:E12)) -> 1 | G12: =IF(F12="","",MAX($D12:F12)) -> 1 | H12: =IF(G12="","",MAX($D12:G12)) -> 1 | I12: =IF(H12="","",MAX($D12:H12)) -> 1 | J12: =IF(I12="","",MAX($D12:I12)) -> 1 | K12: =IF(J12="","",MAX($D12:J12)) -> 1
B13: =IF(ISBLANK(Tareas!B9)," - ",Tareas!B9) -> 4. Definición del estándar de proceso | C13: =PV!C13 -> 2.2 | D13: 1 | E13: =IF(D13="","",MAX($D13:D13)) -> 1 | F13: =IF(E13="","",MAX($D13:E13)) -> 1 | G13: =IF(F13="","",MAX($D13:F13)) -> 1 | H13: =IF(G13="","",MAX($D13:G13)) -> 1 | I13: =IF(H13="","",MAX($D13:H13)) -> 1 | J13: =IF(I13="","",MAX($D13:I13)) -> 1 | K13: =IF(J13="","",MAX($D13:J13)) -> 1
B14: =IF(ISBLANK(Tareas!B10)," - ",Tareas!B10) -> 5. Definición del entorno de desarrollo | C14: =PV!C14 -> 0.6 | D14: 1 | E14: =IF(D14="","",MAX($D14:D14)) -> 1 | F14: =IF(E14="","",MAX($D14:E14)) -> 1 | G14: =IF(F14="","",MAX($D14:F14)) -> 1 | H14: =IF(G14="","",MAX($D14:G14)) -> 1 | I14: =IF(H14="","",MAX($D14:H14)) -> 1 | J14: =IF(I14="","",MAX($D14:I14)) -> 1 | K14: =IF(J14="","",MAX($D14:J14)) -> 1
B15: =IF(ISBLANK(Tareas!B11)," - ",Tareas!B11) -> 6. Reunión 2 | C15: =PV!C15 -> 4.5 | D15: 0 | E15: 1 | F15: =IF(E15="","",MAX($D15:E15)) -> 1 | G15: =IF(F15="","",MAX($D15:F15)) -> 1 | H15: =IF(G15="","",MAX($D15:G15)) -> 1 | I15: =IF(H15="","",MAX($D15:H15)) -> 1 | J15: =IF(I15="","",MAX($D15:I15)) -> 1 | K15: =IF(J15="","",MAX($D15:J15)) -> 1
B16: =IF(ISBLANK(Tareas!B12)," - ",Tareas!B12) -> 7. Realización del análisis de requisitos (ERS) | C16: =PV!C16 -> 4 | D16: 0 | E16: 0.8 | F16: 1 | G16: =IF(F16="","",MAX($D16:F16)) -> 1 | H16: =IF(G16="","",MAX($D16:G16)) -> 1 | I16: =IF(H16="","",MAX($D16:H16)) -> 1 | J16: =IF(I16="","",MAX($D16:I16)) -> 1 | K16: =IF(J16="","",MAX($D16:J16)) -> 1
B17: =IF(ISBLANK(Tareas!B13)," - ",Tareas!B13) -> 8. Reunión 3 | C17: =PV!C17 -> 4.5 | D17: 0 | E17: =IF(D17="","",MAX($D17:D17)) -> 0 | F17: 1 | G17: =IF(F17="","",MAX($D17:F17)) -> 1 | H17: =IF(G17="","",MAX($D17:G17)) -> 1 | I17: =IF(H17="","",MAX($D17:H17)) -> 1 | J17: =IF(I17="","",MAX($D17:I17)) -> 1 | K17: =IF(J17="","",MAX($D17:J17)) -> 1
B18: =IF(ISBLANK(Tareas!B14)," - ",Tareas!B14) -> 9. Revisión del análisis de requisitos | C18: =PV!C18 -> 1.4 | D18: 0 | E18: =IF(D18="","",MAX($D18:D18)) -> 0 | F18: 1 | G18: =IF(F18="","",MAX($D18:F18)) -> 1 | H18: =IF(G18="","",MAX($D18:G18)) -> 1 | I18: =IF(H18="","",MAX($D18:H18)) -> 1 | J18: =IF(I18="","",MAX($D18:I18)) -> 1 | K18: =IF(J18="","",MAX($D18:J18)) -> 1
B19: =IF(ISBLANK(Tareas!B15)," - ",Tareas!B15) -> 10. Disposición del ERS en la línea base (GCS) | C19: =PV!C19 -> 0.3 | D19: 0 | E19: =IF(D19="","",MAX($D19:D19)) -> 0 | F19: 1 | G19: =IF(F19="","",MAX($D19:F19)) -> 1 | H19: =IF(G19="","",MAX($D19:G19)) -> 1 | I19: =IF(H19="","",MAX($D19:H19)) -> 1 | J19: =IF(I19="","",MAX($D19:I19)) -> 1 | K19: =IF(J19="","",MAX($D19:J19)) -> 1
B20: =IF(ISBLANK(Tareas!B16)," - ",Tareas!B16) -> 11. Definición del plan para el ciclo de vida 1 | C20: =PV!C20 -> 1.5 | D20: 0 | E20: =IF(D20="","",MAX($D20:D20)) -> 0 | F20: 1 | G20: =IF(F20="","",MAX($D20:F20)) -> 1 | H20: =IF(G20="","",MAX($D20:G20)) -> 1 | I20: =IF(H20="","",MAX($D20:H20)) -> 1 | J20: =IF(I20="","",MAX($D20:I20)) -> 1 | K20: =IF(J20="","",MAX($D20:J20)) -> 1
B21: =IF(ISBLANK(Tareas!B17)," - ",Tareas!B17) -> 12. Definición de los casos de uso y el modelo E/R | C21: =PV!C21 -> 2 | D21: 0 | E21: =IF(D21="","",MAX($D21:D21)) -> 0 | F21: 1 | G21: =IF(F21="","",MAX($D21:F21)) -> 1 | H21: =IF(G21="","",MAX($D21:G21)) -> 1 | I21: =IF(H21="","",MAX($D21:H21)) -> 1 | J21: =IF(I21="","",MAX($D21:I21)) -> 1 | K21: =IF(J21="","",MAX($D21:J21)) -> 1
B22: =IF(ISBLANK(Tareas!B18)," - ",Tareas!B18) -> 13. Definición del plan de calidad (PCAL) | C22: =PV!C22 -> 2 | D22: 0 | E22: =IF(D22="","",MAX($D22:D22)) -> 0 | F22: 1 | G22: =IF(F22="","",MAX($D22:F22)) -> 1 | H22: =IF(G22="","",MAX($D22:G22)) -> 1 | I22: =IF(H22="","",MAX($D22:H22)) -> 1 | J22: =IF(I22="","",MAX($D22:I22)) -> 1 | K22: =IF(J22="","",MAX($D22:J22)) -> 1
B23: =IF(ISBLANK(Tareas!B19)," - ",Tareas!B19) -> 14. Cálculo de los puntos de función | C23: =PV!C23 -> 1 | D23: 0 | E23: =IF(D23="","",MAX($D23:D23)) -> 0 | F23: 0.7 | G23: 0.9 | H23: 1 | I23: =IF(H23="","",MAX($D23:H23)) -> 1 | J23: =IF(I23="","",MAX($D23:I23)) -> 1 | K23: =IF(J23="","",MAX($D23:J23)) -> 1
B24: =IF(ISBLANK(Tareas!B20)," - ",Tareas!B20) -> 15. Realización del diagrama Gantt | C24: =PV!C24 -> 1.5 | D24: 0 | E24: =IF(D24="","",MAX($D24:D24)) -> 0 | F24: 0.9 | G24: 1 | H24: =IF(G24="","",MAX($D24:G24)) -> 1 | I24: =IF(H24="","",MAX($D24:H24)) -> 1 | J24: =IF(I24="","",MAX($D24:I24)) -> 1 | K24: =IF(J24="","",MAX($D24:J24)) -> 1
B25: =IF(ISBLANK(Tareas!B21)," - ",Tareas!B21) -> 16. Reunión 4 | C25: =PV!C25 -> 5 | D25: 0 | E25: =IF(D25="","",MAX($D25:D25)) -> 0 | F25: 1 | G25: =IF(F25="","",MAX($D25:F25)) -> 1 | H25: =IF(G25="","",MAX($D25:G25)) -> 1 | I25: =IF(H25="","",MAX($D25:H25)) -> 1 | J25: =IF(I25="","",MAX($D25:I25)) -> 1 | K25: =IF(J25="","",MAX($D25:J25)) -> 1
B26: =IF(ISBLANK(Tareas!B22)," - ",Tareas!B22) -> 17. Definición del plan de gestión de configuración software (GCS) | C26: =PV!C26 -> 3 | D26: 0 | E26: =IF(D26="","",MAX($D26:D26)) -> 0 | F26: =IF(E26="","",MAX($D26:E26)) -> 0 | G26: 0.8 | H26: 1 | I26: =IF(H26="","",MAX($D26:H26)) -> 1 | J26: =IF(I26="","",MAX($D26:I26)) -> 1 | K26: =IF(J26="","",MAX($D26:J26)) -> 1
B27: =IF(ISBLANK(Tareas!B23)," - ",Tareas!B23) -> 18. Inicialización de la hoja de valor ganado (EVM) | C27: =PV!C27 -> 0.5 | D27: 0 | E27: =IF(D27="","",MAX($D27:D27)) -> 0 | F27: =IF(E27="","",MAX($D27:E27)) -> 0 | G27: 1 | H27: =IF(G27="","",MAX($D27:G27)) -> 1 | I27: =IF(H27="","",MAX($D27:H27)) -> 1 | J27: =IF(I27="","",MAX($D27:I27)) -> 1 | K27: =IF(J27="","",MAX($D27:J27)) -> 1
B28: =IF(ISBLANK(Tareas!B24)," - ",Tareas!B24) -> 19. Introducción de los datos en EVM | C28: =PV!C28 -> 2.5 | D28: 0 | E28: =IF(D28="","",MAX($D28:D28)) -> 0 | F28: =IF(E28="","",MAX($D28:E28)) -> 0 | G28: 1 | H28: =IF(G28="","",MAX($D28:G28)) -> 1 | I28: =IF(H28="","",MAX($D28:H28)) -> 1 | J28: =IF(I28="","",MAX($D28:I28)) -> 1 | K28: =IF(J28="","",MAX($D28:J28)) -> 1
B29: =IF(ISBLANK(Tareas!B25)," - ",Tareas!B25) -> 20. Definición del prototipo UI | C29: =PV!C29 -> 1 | D29: 0 | E29: =IF(D29="","",MAX($D29:D29)) -> 0 | F29: =IF(E29="","",MAX($D29:E29)) -> 0 | G29: 0.7 | H29: 1 | I29: =IF(H29="","",MAX($D29:H29)) -> 1 | J29: =IF(I29="","",MAX($D29:I29)) -> 1 | K29: =IF(J29="","",MAX($D29:J29)) -> 1
B30: =IF(ISBLANK(Tareas!B26)," - ",Tareas!B26) -> 21. Reunión 5 | C30: =PV!C30 -> 3.5 | D30: 0 | E30: =IF(D30="","",MAX($D30:D30)) -> 0 | F30: =IF(E30="","",MAX($D30:E30)) -> 0 | G30: =IF(F30="","",MAX($D30:F30)) -> 0 | H30: 1 | I30: =IF(H30="","",MAX($D30:H30)) -> 1 | J30: =IF(I30="","",MAX($D30:I30)) -> 1 | K30: =IF(J30="","",MAX($D30:J30)) -> 1
B31: =IF(ISBLANK(Tareas!B27)," - ",Tareas!B27) -> 22. Actualización de EVM | C31: =PV!C31 -> 0.5 | D31: 0 | E31: =IF(D31="","",MAX($D31:D31)) -> 0 | F31: =IF(E31="","",MAX($D31:E31)) -> 0 | G31: =IF(F31="","",MAX($D31:F31)) -> 0 | H31: 1 | I31: =IF(H31="","",MAX($D31:H31)) -> 1 | J31: =IF(I31="","",MAX($D31:I31)) -> 1 | K31: =IF(J31="","",MAX($D31:J31)) -> 1
B32: =IF(ISBLANK(Tareas!B28)," - ",Tareas!B28) -> 23. Revisión intermedia del diseño | C32: =PV!C32 -> 0.5 | D32: 0 | E32: =IF(D32="","",MAX($D32:D32)) -> 0 | F32: =IF(E32="","",MAX($D32:E32)) -> 0 | G32: =IF(F32="","",MAX($D32:F32)) -> 0 | H32: 1 | I32: =IF(H32="","",MAX($D32:H32)) -> 1 | J32: =IF(I32="","",MAX($D32:I32)) -> 1 | K32: =IF(J32="","",MAX($D32:J32)) -> 1
B33: =IF(ISBLANK(Tareas!B29)," - ",Tareas!B29) -> 24. Implementación de la persistencia y estructura de datos | C33: =PV!C33 -> 1 | D33: 0 | E33: =IF(D33="","",MAX($D33:D33)) -> 0 | F33: =IF(E33="","",MAX($D33:E33)) -> 0 | G33: =IF(F33="","",MAX($D33:F33)) -> 0 | H33: 1 | I33: =IF(H33="","",MAX($D33:H33)) -> 1 | J33: =IF(I33="","",MAX($D33:I33)) -> 1 | K33: =IF(J33="","",MAX($D33:J33)) -> 1
B34: =IF(ISBLANK(Tareas!B30)," - ",Tareas!B30) -> 25. Implementación de la gestión de usuarios | C34: =PV!C34 -> 1.4 | D34: 0 | E34: =IF(D34="","",MAX($D34:D34)) -> 0 | F34: =IF(E34="","",MAX($D34:E34)) -> 0 | G34: =IF(F34="","",MAX($D34:F34)) -> 0 | H34: 1 | I34: =IF(H34="","",MAX($D34:H34)) -> 1 | J34: =IF(I34="","",MAX($D34:I34)) -> 1 | K34: =IF(J34="","",MAX($D34:J34)) -> 1
B35: =IF(ISBLANK(Tareas!B31)," - ",Tareas!B31) -> 26. Implementación de la gestión de perfiles | C35: =PV!C35 -> 0.2 | D35: 0 | E35: =IF(D35="","",MAX($D35:D35)) -> 0 | F35: =IF(E35="","",MAX($D35:E35)) -> 0 | G35: =IF(F35="","",MAX($D35:F35)) -> 0 | H35: 1 | I35: =IF(H35="","",MAX($D35:H35)) -> 1 | J35: =IF(I35="","",MAX($D35:I35)) -> 1 | K35: =IF(J35="","",MAX($D35:J35)) -> 1
B36: =IF(ISBLANK(Tareas!B32)," - ",Tareas!B32) -> 27. Definición del diseño con objetos y pantallas finales | C36: =PV!C36 -> 0.5 | D36: 0 | E36: =IF(D36="","",MAX($D36:D36)) -> 0 | F36: =IF(E36="","",MAX($D36:E36)) -> 0 | G36: =IF(F36="","",MAX($D36:F36)) -> 0 | H36: 1 | I36: =IF(H36="","",MAX($D36:H36)) -> 1 | J36: =IF(I36="","",MAX($D36:I36)) -> 1 | K36: =IF(J36="","",MAX($D36:J36)) -> 1
B37: =IF(ISBLANK(Tareas!B33)," - ",Tareas!B33) -> 28. Revisión intermedia del código | C37: =PV!C37 -> 1.1 | D37: 0 | E37: =IF(D37="","",MAX($D37:D37)) -> 0 | F37: =IF(E37="","",MAX($D37:E37)) -> 0 | G37: =IF(F37="","",MAX($D37:F37)) -> 0 | H37: 1 | I37: =IF(H37="","",MAX($D37:H37)) -> 1 | J37: =IF(I37="","",MAX($D37:I37)) -> 1 | K37: =IF(J37="","",MAX($D37:J37)) -> 1
B38: =IF(ISBLANK(Tareas!B34)," - ",Tareas!B34) -> 29. Reunión 6 | C38: =PV!C38 -> 1.5 | D38: 0 | E38: =IF(D38="","",MAX($D38:D38)) -> 0 | F38: =IF(E38="","",MAX($D38:E38)) -> 0 | G38: =IF(F38="","",MAX($D38:F38)) -> 0 | H38: =IF(G38="","",MAX($D38:G38)) -> 0 | I38: 1 | J38: =IF(I38="","",MAX($D38:I38)) -> 1 | K38: =IF(J38="","",MAX($D38:J38)) -> 1
B39: =IF(ISBLANK(Tareas!B35)," - ",Tareas!B35) -> 30. Actualización de EVM | C39: =PV!C39 -> 0.5 | D39: 0 | E39: =IF(D39="","",MAX($D39:D39)) -> 0 | F39: =IF(E39="","",MAX($D39:E39)) -> 0 | G39: =IF(F39="","",MAX($D39:F39)) -> 0 | H39: =IF(G39="","",MAX($D39:G39)) -> 0 | I39: 1 | J39: =IF(I39="","",MAX($D39:I39)) -> 1 | K39: =IF(J39="","",MAX($D39:J39)) -> 1
B40: =IF(ISBLANK(Tareas!B36)," - ",Tareas!B36) -> 31. Implementación de la gestión de amistades | C40: =PV!C40 -> 1 | D40: 0 | E40: =IF(D40="","",MAX($D40:D40)) -> 0 | F40: =IF(E40="","",MAX($D40:E40)) -> 0 | G40: =IF(F40="","",MAX($D40:F40)) -> 0 | H40: =IF(G40="","",MAX($D40:G40)) -> 0 | I40: 1 | J40: =IF(I40="","",MAX($D40:I40)) -> 1 | K40: =IF(J40="","",MAX($D40:J40)) -> 1
B41: =IF(ISBLANK(Tareas!B37)," - ",Tareas!B37) -> 32. Implementación de la gestión de cervezas | C41: =PV!C41 -> 1 | D41: 0 | E41: =IF(D41="","",MAX($D41:D41)) -> 0 | F41: =IF(E41="","",MAX($D41:E41)) -> 0 | G41: =IF(F41="","",MAX($D41:F41)) -> 0 | H41: =IF(G41="","",MAX($D41:G41)) -> 0 | I41: 1 | J41: =IF(I41="","",MAX($D41:I41)) -> 1 | K41: =IF(J41="","",MAX($D41:J41)) -> 1
B42: =IF(ISBLANK(Tareas!B38)," - ",Tareas!B38) -> 33. Actualización de los planes de GCS y calidad | C42: =PV!C42 -> 0.3 | D42: 0 | E42: =IF(D42="","",MAX($D42:D42)) -> 0 | F42: =IF(E42="","",MAX($D42:E42)) -> 0 | G42: =IF(F42="","",MAX($D42:F42)) -> 0 | H42: =IF(G42="","",MAX($D42:G42)) -> 0 | I42: 1 | J42: =IF(I42="","",MAX($D42:I42)) -> 1 | K42: =IF(J42="","",MAX($D42:J42)) -> 1
B43: =IF(ISBLANK(Tareas!B39)," - ",Tareas!B39) -> 34. Revisión final del diseño | C43: =PV!C43 -> 1.5 | D43: 0 | E43: =IF(D43="","",MAX($D43:D43)) -> 0 | F43: =IF(E43="","",MAX($D43:E43)) -> 0 | G43: =IF(F43="","",MAX($D43:F43)) -> 0 | H43: =IF(G43="","",MAX($D43:G43)) -> 0 | I43: 1 | J43: =IF(I43="","",MAX($D43:I43)) -> 1 | K43: =IF(J43="","",MAX($D43:J43)) -> 1
B44: =IF(ISBLANK(Tareas!B40)," - ",Tareas!B40) -> 35. Revisión intermedia del código | C44: =PV!C44 -> 1.5 | D44: 0 | E44: =IF(D44="","",MAX($D44:D44)) -> 0 | F44: =IF(E44="","",MAX($D44:E44)) -> 0 | G44: =IF(F44="","",MAX($D44:F44)) -> 0 | H44: =IF(G44="","",MAX($D44:G44)) -> 0 | I44: 1 | J44: =IF(I44="","",MAX($D44:I44)) -> 1 | K44: =IF(J44="","",MAX($D44:J44)) -> 1
B45: =IF(ISBLANK(Tareas!B41)," - ",Tareas!B41) -> 36. Disposición del diseño en la línea base (GCS) | C45: =PV!C45 -> 0.3 | D45: 0 | E45: =IF(D45="","",MAX($D45:D45)) -> 0 | F45: =IF(E45="","",MAX($D45:E45)) -> 0 | G45: =IF(F45="","",MAX($D45:F45)) -> 0 | H45: =IF(G45="","",MAX($D45:G45)) -> 0 | I45: 1 | J45: =IF(I45="","",MAX($D45:I45)) -> 1 | K45: =IF(J45="","",MAX($D45:J45)) -> 1
B46: =IF(ISBLANK(Tareas!B42)," - ",Tareas!B42) -> 37. Reunión 7 | C46: =PV!C46 -> 2.5 | D46: 0 | E46: =IF(D46="","",MAX($D46:D46)) -> 0 | F46: =IF(E46="","",MAX($D46:E46)) -> 0 | G46: =IF(F46="","",MAX($D46:F46)) -> 0 | H46: =IF(G46="","",MAX($D46:G46)) -> 0 | I46: =IF(H46="","",MAX($D46:H46)) -> 0 | J46: 1 | K46: =IF(J46="","",MAX($D46:J46)) -> 1
B47: =IF(ISBLANK(Tareas!B43)," - ",Tareas!B43) -> 38. Actualización de EVM | C47: =PV!C47 -> 1 | D47: 0 | E47: =IF(D47="","",MAX($D47:D47)) -> 0 | F47: =IF(E47="","",MAX($D47:E47)) -> 0 | G47: =IF(F47="","",MAX($D47:F47)) -> 0 | H47: =IF(G47="","",MAX($D47:G47)) -> 0 | I47: =IF(H47="","",MAX($D47:H47)) -> 0 | J47: 0.1 | K47: 1
B48: =IF(ISBLANK(Tareas!B44)," - ",Tareas!B44) -> 39. Revisión de las incidencias detectadas | C48: =PV!C48 -> 1.3 | D48: 0 | E48: =IF(D48="","",MAX($D48:D48)) -> 0 | F48: =IF(E48="","",MAX($D48:E48)) -> 0 | G48: =IF(F48="","",MAX($D48:F48)) -> 0 | H48: =IF(G48="","",MAX($D48:G48)) -> 0 | I48: =IF(H48="","",MAX($D48:H48)) -> 0 | J48: 1 | K48: =IF(J48="","",MAX($D48:J48)) -> 1
B49: =IF(ISBLANK(Tareas!B45)," - ",Tareas!B45) -> 40. Implementación de la gestión de degustaciones | C49: =PV!C49 -> 3 | D49: 0 | E49: =IF(D49="","",MAX($D49:D49)) -> 0 | F49: =IF(E49="","",MAX($D49:E49)) -> 0 | G49: =IF(F49="","",MAX($D49:F49)) -> 0 | H49: =IF(G49="","",MAX($D49:G49)) -> 0 | I49: =IF(H49="","",MAX($D49:H49)) -> 0 | J49: 0.8 | K49: 1
B50: =IF(ISBLANK(Tareas!B46)," - ",Tareas!B46) -> 41. Implementación de la pantalla principal (feed y menú) | C50: =PV!C50 -> 4 | D50: 0 | E50: =IF(D50="","",MAX($D50:D50)) -> 0 | F50: =IF(E50="","",MAX($D50:E50)) -> 0 | G50: =IF(F50="","",MAX($D50:F50)) -> 0 | H50: =IF(G50="","",MAX($D50:G50)) -> 0 | I50: =IF(H50="","",MAX($D50:H50)) -> 0 | J50: 0.9 | K50: 1
B51: =IF(ISBLANK(Tareas!B47)," - ",Tareas!B47) -> 42. Integración del prototipo UI | C51: =PV!C51 -> 3 | D51: 0 | E51: =IF(D51="","",MAX($D51:D51)) -> 0 | F51: =IF(E51="","",MAX($D51:E51)) -> 0 | G51: =IF(F51="","",MAX($D51:F51)) -> 0 | H51: =IF(G51="","",MAX($D51:G51)) -> 0 | I51: =IF(H51="","",MAX($D51:H51)) -> 0 | J51: 1 | K51: =IF(J51="","",MAX($D51:J51)) -> 1
B52: =IF(ISBLANK(Tareas!B48)," - ",Tareas!B48) -> 43. Definición de los casos de prueba | C52: =PV!C52 -> 1 | D52: 0 | E52: =IF(D52="","",MAX($D52:D52)) -> 0 | F52: =IF(E52="","",MAX($D52:E52)) -> 0 | G52: =IF(F52="","",MAX($D52:F52)) -> 0 | H52: =IF(G52="","",MAX($D52:G52)) -> 0 | I52: =IF(H52="","",MAX($D52:H52)) -> 0 | J52: 0.7 | K52: 1
B53: =IF(ISBLANK(Tareas!B49)," - ",Tareas!B49) -> 44. Reunión 8 | C53: =PV!C53 -> 2.5 | D53: 0 | E53: =IF(D53="","",MAX($D53:D53)) -> 0 | F53: =IF(E53="","",MAX($D53:E53)) -> 0 | G53: =IF(F53="","",MAX($D53:F53)) -> 0 | H53: =IF(G53="","",MAX($D53:G53)) -> 0 | I53: =IF(H53="","",MAX($D53:H53)) -> 0 | J53: =IF(I53="","",MAX($D53:I53)) -> 0 | K53: 1
B54: =IF(ISBLANK(Tareas!B50)," - ",Tareas!B50) -> 45. Realización el informe de post-mortem | C54: =PV!C54 -> 1.5 | D54: 0 | E54: =IF(D54="","",MAX($D54:D54)) -> 0 | F54: =IF(E54="","",MAX($D54:E54)) -> 0 | G54: =IF(F54="","",MAX($D54:F54)) -> 0 | H54: =IF(G54="","",MAX($D54:G54)) -> 0 | I54: =IF(H54="","",MAX($D54:H54)) -> 0 | J54: =IF(I54="","",MAX($D54:I54)) -> 0 | K54: 1
B55: =IF(ISBLANK(Tareas!B51)," - ",Tareas!B51) -> 46. Ejecución de las pruebas | C55: =PV!C55 -> 1 | D55: 0 | E55: =IF(D55="","",MAX($D55:D55)) -> 0 | F55: =IF(E55="","",MAX($D55:E55)) -> 0 | G55: =IF(F55="","",MAX($D55:F55)) -> 0 | H55: =IF(G55="","",MAX($D55:G55)) -> 0 | I55: =IF(H55="","",MAX($D55:H55)) -> 0 | J55: =IF(I55="","",MAX($D55:I55)) -> 0 | K55: 1
B56: =IF(ISBLANK(Tareas!B52)," - ",Tareas!B52) -> 47. Control de versiones y revisión final del código | C56: =PV!C56 -> 1.9 | D56: 0 | E56: =IF(D56="","",MAX($D56:D56)) -> 0 | F56: =IF(E56="","",MAX($D56:E56)) -> 0 | G56: =IF(F56="","",MAX($D56:F56)) -> 0 | H56: =IF(G56="","",MAX($D56:G56)) -> 0 | I56: =IF(H56="","",MAX($D56:H56)) -> 0 | J56: =IF(I56="","",MAX($D56:I56)) -> 0 | K56: 1
B57: =IF(ISBLANK(Tareas!B53)," - ",Tareas!B53) -> 48. Revisión de la configuración y los documentos entregables | C57: =PV!C57 -> 0.8 | D57: 0 | E57: =IF(D57="","",MAX($D57:D57)) -> 0 | F57: =IF(E57="","",MAX($D57:E57)) -> 0 | G57: =IF(F57="","",MAX($D57:F57)) -> 0 | H57: =IF(G57="","",MAX($D57:G57)) -> 0 | I57: =IF(H57="","",MAX($D57:H57)) -> 0 | J57: =IF(I57="","",MAX($D57:I57)) -> 0 | K57: 1
B58: =IF(ISBLANK(Tareas!B54)," - ",Tareas!B54) -> 49. Revisión de los resultados de las pruebas y corrección de errores | C58: =PV!C58 -> 0.3 | D58: 0 | E58: =IF(D58="","",MAX($D58:D58)) -> 0 | F58: =IF(E58="","",MAX($D58:E58)) -> 0 | G58: =IF(F58="","",MAX($D58:F58)) -> 0 | H58: =IF(G58="","",MAX($D58:G58)) -> 0 | I58: =IF(H58="","",MAX($D58:H58)) -> 0 | J58: =IF(I58="","",MAX($D58:I58)) -> 0 | K58: 1
B59: =IF(ISBLANK(Tareas!B55)," - ",Tareas!B55) -> 50. Corrección del código (post-revisión) | C59: =PV!C59 -> 1.6 | D59: 0 | E59: =IF(D59="","",MAX($D59:D59)) -> 0 | F59: =IF(E59="","",MAX($D59:E59)) -> 0 | G59: =IF(F59="","",MAX($D59:F59)) -> 0 | H59: =IF(G59="","",MAX($D59:G59)) -> 0 | I59: =IF(H59="","",MAX($D59:H59)) -> 0 | J59: =IF(I59="","",MAX($D59:I59)) -> 0 | K59: 1
B60: =IF(ISBLANK(Tareas!B56)," - ",Tareas!B56) -> 51. Documentación de los resultados y errores de las pruebas | C60: =PV!C60 -> 0.3 | D60: 0 | E60: =IF(D60="","",MAX($D60:D60)) -> 0 | F60: =IF(E60="","",MAX($D60:E60)) -> 0 | G60: =IF(F60="","",MAX($D60:F60)) -> 0 | H60: =IF(G60="","",MAX($D60:G60)) -> 0 | I60: =IF(H60="","",MAX($D60:H60)) -> 0 | J60: =IF(I60="","",MAX($D60:I60)) -> 0 | K60: 1
B61: =IF(ISBLANK(Tareas!B57)," - ",Tareas!B57) -> 52. Disposición del código en la línea base (GCS) | C61: =PV!C61 -> 0.6 | D61: 0 | E61: =IF(D61="","",MAX($D61:D61)) -> 0 | F61: =IF(E61="","",MAX($D61:E61)) -> 0 | G61: =IF(F61="","",MAX($D61:F61)) -> 0 | H61: =IF(G61="","",MAX($D61:G61)) -> 0 | I61: =IF(H61="","",MAX($D61:H61)) -> 0 | J61: =IF(I61="","",MAX($D61:I61)) -> 0 | K61: 1
B62: =IF(ISBLANK(Tareas!B58)," - ",Tareas!B58) -> 53. Entrega del ciclo de vida | C62: =PV!C62 -> 0.8 | D62: 0 | E62: =IF(D62="","",MAX($D62:D62)) -> 0 | F62: =IF(E62="","",MAX($D62:E62)) -> 0 | G62: =IF(F62="","",MAX($D62:F62)) -> 0 | H62: =IF(G62="","",MAX($D62:G62)) -> 0 | I62: =IF(H62="","",MAX($D62:H62)) -> 0 | J62: =IF(I62="","",MAX($D62:I62)) -> 0 | K62: 1
B63: =IF(ISBLANK(Tareas!B59)," - ",Tareas!B59) -> - | C63: =PV!C63 -> - | E63: =IF(D63="","",MAX($D63:D63)) | F63: =IF(E63="","",MAX($D63:E63)) | G63: =IF(F63="","",MAX($D63:F63)) | H63: =IF(G63="","",MAX($D63:G63)) | I63: =IF(H63="","",MAX($D63:H63)) | J63: =IF(I63="","",MAX($D63:I63)) | K63: =IF(J63="","",MAX($D63:J63))
B64: =IF(ISBLANK(Tareas!B60)," - ",Tareas!B60) -> - | C64: =PV!C64 -> - | E64: =IF(D64="","",MAX($D64:D64)) | F64: =IF(E64="","",MAX($D64:E64)) | G64: =IF(F64="","",MAX($D64:F64)) | H64: =IF(G64="","",MAX($D64:G64)) | I64: =IF(H64="","",MAX($D64:H64)) | J64: =IF(I64="","",MAX($D64:I64)) | K64: =IF(J64="","",MAX($D64:J64))
B65: =IF(ISBLANK(Tareas!B61)," - ",Tareas!B61) -> - | C65: =PV!C65 -> - | E65: =IF(D65="","",MAX($D65:D65)) | F65: =IF(E65="","",MAX($D65:E65)) | G65: =IF(F65="","",MAX($D65:F65)) | H65: =IF(G65="","",MAX($D65:G65)) | I65: =IF(H65="","",MAX($D65:H65)) | J65: =IF(I65="","",MAX($D65:I65)) | K65: =IF(J65="","",MAX($D65:J65))
B66: =IF(ISBLANK(Tareas!B62)," - ",Tareas!B62) -> - | C66: =PV!C66 -> - | E66: =IF(D66="","",MAX($D66:D66)) | F66: =IF(E66="","",MAX($D66:E66)) | G66: =IF(F66="","",MAX($D66:F66)) | H66: =IF(G66="","",MAX($D66:G66)) | I66: =IF(H66="","",MAX($D66:H66)) | J66: =IF(I66="","",MAX($D66:I66)) | K66: =IF(J66="","",MAX($D66:J66))
B67: =IF(ISBLANK(Tareas!B63)," - ",Tareas!B63) -> - | C67: =PV!C67 -> - | E67: =IF(D67="","",MAX($D67:D67)) | F67: =IF(E67="","",MAX($D67:E67)) | G67: =IF(F67="","",MAX($D67:F67)) | H67: =IF(G67="","",MAX($D67:G67)) | I67: =IF(H67="","",MAX($D67:H67)) | J67: =IF(I67="","",MAX($D67:I67)) | K67: =IF(J67="","",MAX($D67:J67))
B68: =IF(ISBLANK(Tareas!B64)," - ",Tareas!B64) -> - | C68: =PV!C68 -> - | E68: =IF(D68="","",MAX($D68:D68)) | F68: =IF(E68="","",MAX($D68:E68)) | G68: =IF(F68="","",MAX($D68:F68)) | H68: =IF(G68="","",MAX($D68:G68)) | I68: =IF(H68="","",MAX($D68:H68)) | J68: =IF(I68="","",MAX($D68:I68)) | K68: =IF(J68="","",MAX($D68:J68))
B69: =IF(ISBLANK(Tareas!B65)," - ",Tareas!B65) -> - | C69: =PV!C69 -> - | E69: =IF(D69="","",MAX($D69:D69)) | F69: =IF(E69="","",MAX($D69:E69)) | G69: =IF(F69="","",MAX($D69:F69)) | H69: =IF(G69="","",MAX($D69:G69)) | I69: =IF(H69="","",MAX($D69:H69)) | J69: =IF(I69="","",MAX($D69:I69)) | K69: =IF(J69="","",MAX($D69:J69))
B70: =IF(ISBLANK(Tareas!B66)," - ",Tareas!B66) -> - | C70: =PV!C70 -> - | E70: =IF(D70="","",MAX($D70:D70)) | F70: =IF(E70="","",MAX($D70:E70)) | G70: =IF(F70="","",MAX($D70:F70)) | H70: =IF(G70="","",MAX($D70:G70)) | I70: =IF(H70="","",MAX($D70:H70)) | J70: =IF(I70="","",MAX($D70:I70)) | K70: =IF(J70="","",MAX($D70:J70))
B71: =IF(ISBLANK(Tareas!B67)," - ",Tareas!B67) -> - | C71: =PV!C71 -> - | E71: =IF(D71="","",MAX($D71:D71)) | F71: =IF(E71="","",MAX($D71:E71)) | G71: =IF(F71="","",MAX($D71:F71)) | H71: =IF(G71="","",MAX($D71:G71)) | I71: =IF(H71="","",MAX($D71:H71)) | J71: =IF(I71="","",MAX($D71:I71)) | K71: =IF(J71="","",MAX($D71:J71))
B72: =IF(ISBLANK(Tareas!B68)," - ",Tareas!B68) -> - | C72: =PV!C72 -> - | E72: =IF(D72="","",MAX($D72:D72)) | F72: =IF(E72="","",MAX($D72:E72)) | G72: =IF(F72="","",MAX($D72:F72)) | H72: =IF(G72="","",MAX($D72:G72)) | I72: =IF(H72="","",MAX($D72:H72)) | J72: =IF(I72="","",MAX($D72:I72)) | K72: =IF(J72="","",MAX($D72:J72))
B73: =IF(ISBLANK(Tareas!B69)," - ",Tareas!B69) -> - | C73: =PV!C73 -> - | E73: =IF(D73="","",MAX($D73:D73)) | F73: =IF(E73="","",MAX($D73:E73)) | G73: =IF(F73="","",MAX($D73:F73)) | H73: =IF(G73="","",MAX($D73:G73)) | I73: =IF(H73="","",MAX($D73:H73)) | J73: =IF(I73="","",MAX($D73:I73)) | K73: =IF(J73="","",MAX($D73:J73))
B74: =IF(ISBLANK(Tareas!B70)," - ",Tareas!B70) -> - | C74: =PV!C74 -> - | E74: =IF(D74="","",MAX($D74:D74)) | F74: =IF(E74="","",MAX($D74:E74)) | G74: =IF(F74="","",MAX($D74:F74)) | H74: =IF(G74="","",MAX($D74:G74)) | I74: =IF(H74="","",MAX($D74:H74)) | J74: =IF(I74="","",MAX($D74:I74)) | K74: =IF(J74="","",MAX($D74:J74))
... B108: =IF(ISBLANK(Tareas!B104)," - ",Tareas!B104) -> - | C108: =PV!C108 -> - | E108: =IF(D108="","",MAX($D108:D108)) | F108: =IF(E108="","",MAX($D108:E108)) | G108: =IF(F108="","",MAX($D108:F108)) | H108: =IF(G108="","",MAX($D108:G108)) | I108: =IF(H108="","",MAX($D108:H108)) | J108: =IF(I108="","",MAX($D108:I108)) | K108: =IF(J108="","",MAX($D108:J108))
C109: =PV!C109 -> - | E109: =IF(D109="","",MAX($D109:D109)) | F109: =IF(E109="","",MAX($D109:E109)) | G109: =IF(F109="","",MAX($D109:F109)) | H109: =IF(G109="","",MAX($D109:G109)) | I109: =IF(H109="","",MAX($D109:H109)) | J109: =IF(I109="","",MAX($D109:I109)) | K109: =IF(J109="","",MAX($D109:J109))
C110: =PV!C110 -> - | E110: =IF(D110="","",MAX($D110:D110)) | F110: =IF(E110="","",MAX($D110:E110)) | G110: =IF(F110="","",MAX($D110:F110)) | H110: =IF(G110="","",MAX($D110:G110)) | I110: =IF(H110="","",MAX($D110:H110)) | J110: =IF(I110="","",MAX($D110:I110)) | K110: =IF(J110="","",MAX($D110:J110))
C111: =PV!C111 -> - | E111: =IF(D111="","",MAX($D111:D111)) | F111: =IF(E111="","",MAX($D111:E111)) | G111: =IF(F111="","",MAX($D111:F111)) | H111: =IF(G111="","",MAX($D111:G111)) | I111: =IF(H111="","",MAX($D111:H111)) | J111: =IF(I111="","",MAX($D111:I111)) | K111: =IF(J111="","",MAX($D111:J111))
C112: =PV!C112 -> - | E112: =IF(D112="","",MAX($D112:D112)) | F112: =IF(E112="","",MAX($D112:E112)) | G112: =IF(F112="","",MAX($D112:F112)) | H112: =IF(G112="","",MAX($D112:G112)) | I112: =IF(H112="","",MAX($D112:H112)) | J112: =IF(I112="","",MAX($D112:I112)) | K112: =IF(J112="","",MAX($D112:J112))
C113: =PV!C113 -> - | E113: =IF(D113="","",MAX($D113:D113)) | F113: =IF(E113="","",MAX($D113:E113)) | G113: =IF(F113="","",MAX($D113:F113)) | H113: =IF(G113="","",MAX($D113:G113)) | I113: =IF(H113="","",MAX($D113:H113)) | J113: =IF(I113="","",MAX($D113:I113)) | K113: =IF(J113="","",MAX($D113:J113))
C114: =PV!C114 -> - | E114: =IF(D114="","",MAX($D114:D114)) | F114: =IF(E114="","",MAX($D114:E114)) | G114: =IF(F114="","",MAX($D114:F114)) | H114: =IF(G114="","",MAX($D114:G114)) | I114: =IF(H114="","",MAX($D114:H114)) | J114: =IF(I114="","",MAX($D114:I114)) | K114: =IF(J114="","",MAX($D114:J114))
C115: =PV!C115 -> - | E115: =IF(D115="","",MAX($D115:D115)) | F115: =IF(E115="","",MAX($D115:E115)) | G115: =IF(F115="","",MAX($D115:F115)) | H115: =IF(G115="","",MAX($D115:G115)) | I115: =IF(H115="","",MAX($D115:H115)) | J115: =IF(I115="","",MAX($D115:I115)) | K115: =IF(J115="","",MAX($D115:J115))
C116: =PV!C116 -> - | E116: =IF(D116="","",MAX($D116:D116)) | F116: =IF(E116="","",MAX($D116:E116)) | G116: =IF(F116="","",MAX($D116:F116)) | H116: =IF(G116="","",MAX($D116:G116)) | I116: =IF(H116="","",MAX($D116:H116)) | J116: =IF(I116="","",MAX($D116:I116)) | K116: =IF(J116="","",MAX($D116:J116))
C117: =PV!C117 -> - | E117: =IF(D117="","",MAX($D117:D117)) | F117: =IF(E117="","",MAX($D117:E117)) | G117: =IF(F117="","",MAX($D117:F117)) | H117: =IF(G117="","",MAX($D117:G117)) | I117: =IF(H117="","",MAX($D117:H117)) | J117: =IF(I117="","",MAX($D117:I117)) | K117: =IF(J117="","",MAX($D117:J117))
C118: =PV!C118 -> - | E118: =IF(D118="","",MAX($D118:D118)) | F118: =IF(E118="","",MAX($D118:E118)) | G118: =IF(F118="","",MAX($D118:F118)) | H118: =IF(G118="","",MAX($D118:G118)) | I118: =IF(H118="","",MAX($D118:H118)) | J118: =IF(I118="","",MAX($D118:I118)) | K118: =IF(J118="","",MAX($D118:J118))
C119: =PV!C119 -> - | E119: =IF(D119="","",MAX($D119:D119)) | F119: =IF(E119="","",MAX($D119:E119)) | G119: =IF(F119="","",MAX($D119:F119)) | H119: =IF(G119="","",MAX($D119:G119)) | I119: =IF(H119="","",MAX($D119:H119)) | J119: =IF(I119="","",MAX($D119:I119)) | K119: =IF(J119="","",MAX($D119:J119))
C120: =PV!C120 -> - | E120: =IF(D120="","",MAX($D120:D120)) | F120: =IF(E120="","",MAX($D120:E120)) | G120: =IF(F120="","",MAX($D120:F120)) | H120: =IF(G120="","",MAX($D120:G120)) | I120: =IF(H120="","",MAX($D120:H120)) | J120: =IF(I120="","",MAX($D120:I120)) | K120: =IF(J120="","",MAX($D120:J120))
... C200: =PV!C200 -> - | E200: =IF(D200="","",MAX($D200:D200)) | F200: =IF(E200="","",MAX($D200:E200)) | G200: =IF(F200="","",MAX($D200:F200)) | H200: =IF(G200="","",MAX($D200:G200)) | I200: =IF(H200="","",MAX($D200:H200)) | J200: =IF(I200="","",MAX($D200:I200)) | K200: =IF(J200="","",MAX($D200:J200))
B201: Atención modificar las formulas si hay más de 200 tareas

Sheet Equipo
A1: Lista de personas y sus hojas
B3: Nombre | C3: Laura H | D3: Laura G | E3: Jonás R | F3: Valeria G | G3: Lucía M
B4: Acrónimo | C4: LH | D4: LG | E4: JR | F4: VG | G4: LM

Sheet LH
A1: Coste Reales y Costes Planificados
B2: En esta hoja se introducen los valores para cada tarea tanto reales de las horas trabajo del miembro de equipo asi como las horas que tuviera planificadas
B3: Asegurate que los nombres de las tareas son los mismos que el plan
A7: Horas Reales (AC) del Trabajo Planificado | L7: Horas Planificadas (PV)
B9: Nombre Tarea | C9: =Informe!D22 -> S1 | D9: =Informe!E22 -> S2 | E9: =Informe!F22 -> S3 | F9: =Informe!G22 -> S4 | G9: =Informe!H22 -> S5 | H9: =Informe!I22 -> S6 | I9: =Informe!J22 -> S7 | J9: =Informe!K22 -> S8 | M9: Nombre Tarea | N9: =Informe!D22 -> S1 | O9: =Informe!E22 -> S2 | P9: =Informe!F22 -> S3 | Q9: =Informe!G22 -> S4 | R9: =Informe!H22 -> S5 | S9: =Informe!I22 -> S6 | T9: =Informe!J22 -> S7 | U9: =Informe!K22 -> S8
B10: =IF(ISBLANK(Tareas!B6)," - ",Tareas!B6) -> 1. Reunión 1 | C10: 0.5 | D10: 0 | E10: 0 | F10: 0 | G10: 0 | H10: 0 | I10: 0 | J10: 0 | M10: =IF(ISBLANK(Tareas!B6)," - ",Tareas!B6) -> 1. Reunión 1 | N10: 1 | O10: 0 | P10: 0 | Q10: 0 | R10: 0 | S10: 0 | T10: 0 | U10: 0
B11: =IF(ISBLANK(Tareas!B7)," - ",Tareas!B7) -> 2. Asignación de roles | C11: 0.5 | D11: 0 | E11: 0 | F11: 0 | G11: 0 | H11: 0 | I11: 0 | J11: 0 | M11: =IF(ISBLANK(Tareas!B7)," - ",Tareas!B7) -> 2. Asignación de roles | N11: 0.3 | O11: 0 | P11: 0 | Q11: 0 | R11: 0 | S11: 0 | T11: 0 | U11: 0
B12: =IF(ISBLANK(Tareas!B8)," - ",Tareas!B8) -> 3. Definición del estándar de documentación | C12: 1 | D12: 0 | E12: 0 | F12: 0 | G12: 0 | H12: 0 | I12: 0 | J12: 0 | M12: =IF(ISBLANK(Tareas!B8)," - ",Tareas!B8) -> 3. Definición del estándar de documentación | N12: 0.5 | O12: 0 | P12: 0 | Q12: 0 | R12: 0 | S12: 0 | T12: 0 | U12: 0
B13: =IF(ISBLANK(Tareas!B9)," - ",Tareas!B9) -> 4. Definición del estándar de proceso | C13: 0 | D13: 0 | E13: 0 | F13: 0 | G13: 0 | H13: 0 | I13: 0 | J13: 0 | M13: =IF(ISBLANK(Tareas!B9)," - ",Tareas!B9) -> 4. Definición del estándar de proceso | N13: 0.3 | O13: 0 | P13: 0 | Q13: 0 | R13: 0 | S13: 0 | T13: 0 | U13: 0
B14: =IF(ISBLANK(Tareas!B10)," - ",Tareas!B10) -> 5. Definición del entorno de desarrollo | C14: 0.3 | D14: 0 | E14: 0 | F14: 0 | G14: 0 | H14: 0 | I14: 0 | J14: 0 | M14: =IF(ISBLANK(Tareas!B10)," - ",Tareas!B10) -> 5. Definición del entorno de desarrollo | N14: 0.3 | O14: 0 | P14: 0 | Q14: 0 | R14: 0 | S14: 0 | T14: 0 | U14: 0
B15: =IF(ISBLANK(Tareas!B11)," - ",Tareas!B11) -> 6. Reunión 2 | C15: 0 | D15: 0.5 | E15: 0 | F15: 0 | G15: 0 | H15: 0 | I15: 0 | J15: 0 | M15: =IF(ISBLANK(Tareas!B11)," - ",Tareas!B11) -> 6. Reunión 2 | N15: 0 | O15: 1 | P15: 0 | Q15: 0 | R15: 0 | S15: 0 | T15: 0 | U15: 0
B16: =IF(ISBLANK(Tareas!B12)," - ",Tareas!B12) -> 7. Realización del análisis de requisitos (ERS) | C16: 0 | D16: 0 | E16: 0 | F16: 0 | G16: 0 | H16: 0 | I16: 0 | J16: 0 | M16: =IF(ISBLANK(Tareas!B12)," - ",Tareas!B12) -> 7. Realización del análisis de requisitos (ERS) | N16: 0 | O16: 0 | P16: 0 | Q16: 0 | R16: 0 | S16: 0 | T16: 0 | U16: 0
B17: =IF(ISBLANK(Tareas!B13)," - ",Tareas!B13) -> 8. Reunión 3 | C17: 0 | D17: 0 | E17: 0.5 | F17: 0 | G17: 0 | H17: 0 | I17: 0 | J17: 0 | M17: =IF(ISBLANK(Tareas!B13)," - ",Tareas!B13) -> 8. Reunión 3 | N17: 0 | O17: 0 | P17: 1 | Q17: 0 | R17: 0 | S17: 0 | T17: 0 | U17: 0
B18: =IF(ISBLANK(Tareas!B14)," - ",Tareas!B14) -> 9. Revisión del análisis de requisitos | C18: 0 | D18: 0 | E18: 1 | F18: 0 | G18: 0 | H18: 0 | I18: 0 | J18: 0 | M18: =IF(ISBLANK(Tareas!B14)," - ",Tareas!B14) -> 9. Revisión del análisis de requisitos | N18: 0 | O18: 0 | P18: 0.3 | Q18: 0 | R18: 0 | S18: 0 | T18: 0 | U18: 0
B19: =IF(ISBLANK(Tareas!B15)," - ",Tareas!B15) -> 10. Disposición del ERS en la línea base (GCS) | C19: 0 | D19: 0 | E19: 0 | F19: 0 | G19: 0 | H19: 0 | I19: 0 | J19: 0 | M19: =IF(ISBLANK(Tareas!B15)," - ",Tareas!B15) -> 10. Disposición del ERS en la línea base (GCS) | N19: 0 | O19: 0 | P19: 0 | Q19: 0 | R19: 0 | S19: 0 | T19: 0 | U19: 0
B20: =IF(ISBLANK(Tareas!B16)," - ",Tareas!B16) -> 11. Definición del plan para el ciclo de vida 1 | C20: 0 | D20: 0 | E20: 0.3 | F20: 0 | G20: 0 | H20: 0 | I20: 0 | J20: 0 | M20: =IF(ISBLANK(Tareas!B16)," - ",Tareas!B16) -> 11. Definición del plan para el ciclo de vida 1 | N20: 0 | O20: 0 | P20: 0.3 | Q20: 0 | R20: 0 | S20: 0 | T20: 0 | U20: 0
B21: =IF(ISBLANK(Tareas!B17)," - ",Tareas!B17) -> 12. Definición de los casos de uso y el modelo E/R | C21: 0 | D21: 0 | E21: 0 | F21: 0 | G21: 0 | H21: 0 | I21: 0 | J21: 0 | M21: =IF(ISBLANK(Tareas!B17)," - ",Tareas!B17) -> 12. Definición de los casos de uso y el modelo E/R | N21: 0 | O21: 0 | P21: 0 | Q21: 0 | R21: 0 | S21: 0 | T21: 0 | U21: 0
... B62: =IF(ISBLANK(Tareas!B58)," - ",Tareas!B58) -> 53. Entrega del ciclo de vida | C62: 0 | D62: 0 | E62: 0 | F62: 0 | G62: 0 | H62: 0 | I62: 0 | J62: 0.5 | M62: =IF(ISBLANK(Tareas!B58)," - ",Tareas!B58) -> 53. Entrega del ciclo de vida | N62: 0 | O62: 0 | P62: 0 | Q62: 0 | R62: 0 | S62: 0 | T62: 0 | U62: 0.5
B63: =IF(ISBLANK(Tareas!B59)," - ",Tareas!B59) -> - | M63: =IF(ISBLANK(Tareas!B59)," - ",Tareas!B59) -> -
B64: =IF(ISBLANK(Tareas!B60)," - ",Tareas!B60) -> - | M64: =IF(ISBLANK(Tareas!B60)," - ",Tareas!B60) -> -
B65: =IF(ISBLANK(Tareas!B61)," - ",Tareas!B61) -> - | M65: =IF(ISBLANK(Tareas!B61)," - ",Tareas!B61) -> -
B66: =IF(ISBLANK(Tareas!B62)," - ",Tareas!B62) -> - | M66: =IF(ISBLANK(Tareas!B62)," - ",Tareas!B62) -> -
B67: =IF(ISBLANK(Tareas!B63)," - ",Tareas!B63) -> - | M67: =IF(ISBLANK(Tareas!B63)," - ",Tareas!B63) -> -
B68: =IF(ISBLANK(Tareas!B64)," - ",Tareas!B64) -> - | M68: =IF(ISBLANK(Tareas!B64)," - ",Tareas!B64) -> -
B69: =IF(ISBLANK(Tareas!B65)," - ",Tareas!B65) -> - | M69: =IF(ISBLANK(Tareas!B65)," - ",Tareas!B65) -> -
B70: =IF(ISBLANK(Tareas!B66)," - ",Tareas!B66) -> - | M70: =IF(ISBLANK(Tareas!B66)," - ",Tareas!B66) -> -
B71: =IF(ISBLANK(Tareas!B67)," - ",Tareas!B67) -> - | M71: =IF(ISBLANK(Tareas!B67)," - ",Tareas!B67) -> -
B72: =IF(ISBLANK(Tareas!B68)," - ",Tareas!B68) -> - | M72: =IF(ISBLANK(Tareas!B68)," - ",Tareas!B68) -> -
B73: =IF(ISBLANK(Tareas!B69)," - ",Tareas!B69) -> - | M73: =IF(ISBLANK(Tareas!B69)," - ",Tareas!B69) -> -
B74: =IF(ISBLANK(Tareas!B70)," - ",Tareas!B70) -> - | M74: =IF(ISBLANK(Tareas!B70)," - ",Tareas!B70) -> -
... B200: =IF(ISBLANK(Tareas!B196)," - ",Tareas!B196) -> - | M200: =IF(ISBLANK(Tareas!B196)," - ",Tareas!B196) -> -

Sheet LG
A1: Coste Reales y Costes Planificados
B2: En esta hoja se introducen los valores para cada tarea tanto reales de las horas trabajo del miembro de equipo asi como las horas que tuviera planificadas
B3: Asegurate que los nombres de las tareas son los mismos que el plan
A7: Horas Reales (AC) del Trabajo Planificado | L7: Horas Planificadas (PV)
B9: Nombre Tarea | C9: =Informe!D22 -> S1 | D9: =Informe!E22 -> S2 | E9: =Informe!F22 -> S3 | F9: =Informe!G22 -> S4 | G9: =Informe!H22 -> S5 | H9: =Informe!I22 -> S6 | I9: =Informe!J22 -> S7 | J9: =Informe!K22 -> S8 | M9: Nombre Tarea | N9: =Informe!D22 -> S1 | O9: =Informe!E22 -> S2 | P9: =Informe!F22 -> S3 | Q9: =Informe!G22 -> S4 | R9: =Informe!H22 -> S5 | S9: =Informe!I22 -> S6 | T9: =Informe!J22 -> S7 | U9: =Informe!K22 -> S8
B10: =IF(ISBLANK(Tareas!B6)," - ",Tareas!B6) -> 1. Reunión 1 | C10: 0.5 | D10: 0 | E10: 0 | F10: 0 | G10: 0 | H10: 0 | I10: 0 | J10: 0 | M10: =IF(ISBLANK(Tareas!B6)," - ",Tareas!B6) -> 1. Reunión 1 | N10: 1 | O10: 0 | P10: 0 | Q10: 0 | R10: 0 | S10: 0 | T10: 0 | U10: 0
B11: =IF(ISBLANK(Tareas!B7)," - ",Tareas!B7) -> 2. Asignación de roles | C11: 0 | D11: 0 | E11: 0 | F11: 0 | G11: 0 | H11: 0 | I11: 0 | J11: 0 | M11: =IF(ISBLANK(Tareas!B7)," - ",Tareas!B7) -> 2. Asignación de roles | N11: 0 | O11: 0 | P11: 0 | Q11: 0 | R11: 0 | S11: 0 | T11: 0 | U11: 0
B12: =IF(ISBLANK(Tareas!B8)," - ",Tareas!B8) -> 3. Definición del estándar de documentación | C12: 0 | D12: 0 | E12: 0 | F12: 0 | G12: 0 | H12: 0 | I12: 0 | J12: 0 | M12: =IF(ISBLANK(Tareas!B8)," - ",Tareas!B8) -> 3. Definición del estándar de documentación | N12: 0 | O12: 0 | P12: 0 | Q12: 0 | R12: 0 | S12: 0 | T12: 0 | U12: 0
B13: =IF(ISBLANK(Tareas!B9)," - ",Tareas!B9) -> 4. Definición del estándar de proceso | C13: 0 | D13: 0 | E13: 0 | F13: 0 | G13: 0 | H13: 0 | I13: 0 | J13: 0 | M13: =IF(ISBLANK(Tareas!B9)," - ",Tareas!B9) -> 4. Definición del estándar de proceso | N13: 0.3 | O13: 0 | P13: 0 | Q13: 0 | R13: 0 | S13: 0 | T13: 0 | U13: 0
B14: =IF(ISBLANK(Tareas!B10)," - ",Tareas!B10) -> 5. Definición del entorno de desarrollo | C14: 0 | D14: 0 | E14: 0 | F14: 0 | G14: 0 | H14: 0 | I14: 0 | J14: 0 | M14: =IF(ISBLANK(Tareas!B10)," - ",Tareas!B10) -> 5. Definición del entorno de desarrollo | N14: 0 | O14: 0 | P14: 0 | Q14: 0 | R14: 0 | S14: 0 | T14: 0 | U14: 0
B15: =IF(ISBLANK(Tareas!B11)," - ",Tareas!B11) -> 6. Reunión 2 | C15: 0 | D15: 0.5 | E15: 0 | F15: 0 | G15: 0 | H15: 0 | I15: 0 | J15: 0 | M15: =IF(ISBLANK(Tareas!B11)," - ",Tareas!B11) -> 6. Reunión 2 | N15: 0 | O15: 1 | P15: 0 | Q15: 0 | R15: 0 | S15: 0 | T15: 0 | U15: 0
B16: =IF(ISBLANK(Tareas!B12)," - ",Tareas!B12) -> 7. Realización del análisis de requisitos (ERS) | C16: 0 | D16: 0 | E16: 0 | F16: 0 | G16: 0 | H16: 0 | I16: 0 | J16: 0 | M16: =IF(ISBLANK(Tareas!B12)," - ",Tareas!B12) -> 7. Realización del análisis de requisitos (ERS) | N16: 0 | O16: 0 | P16: 0 | Q16: 0 | R16: 0 | S16: 0 | T16: 0 | U16: 0
B17: =IF(ISBLANK(Tareas!B13)," - ",Tareas!B13) -> 8. Reunión 3 | C17: 0 | D17: 0 | E17: 0.5 | F17: 0 | G17: 0 | H17: 0 | I17: 0 | J17: 0 | M17: =IF(ISBLANK(Tareas!B13)," - ",Tareas!B13) -> 8. Reunión 3 | N17: 0 | O17: 0 | P17: 1 | Q17: 0 | R17: 0 | S17: 0 | T17: 0 | U17: 0
B18: =IF(ISBLANK(Tareas!B14)," - ",Tareas!B14) -> 9. Revisión del análisis de requisitos | C18: 0 | D18: 0 | E18: 0.3 | F18: 0 | G18: 0 | H18: 0 | I18: 0 | J18: 0 | M18: =IF(ISBLANK(Tareas!B14)," - ",Tareas!B14) -> 9. Revisión del análisis de requisitos | N18: 0 | O18: 0 | P18: 0.2 | Q18: 0 | R18: 0 | S18: 0 | T18: 0 | U18: 0
B19: =IF(ISBLANK(Tareas!B15)," - ",Tareas!B15) -> 10. Disposición del ERS en la línea base (GCS) | C19: 0 | D19: 0 | E19: 0 | F19: 0 | G19: 0 | H19: 0 | I19: 0 | J19: 0 | M19: =IF(ISBLANK(Tareas!B15)," - ",Tareas!B15) -> 10. Disposición del ERS en la línea base (GCS) | N19: 0 | O19: 0 | P19: 0 | Q19: 0 | R19: 0 | S19: 0 | T19: 0 | U19: 0
B20: =IF(ISBLANK(Tareas!B16)," - ",Tareas!B16) -> 11. Definición del plan para el ciclo de vida 1 | C20: 0 | D20: 0 | E20: 0.3 | F20: 0 | G20: 0 | H20: 0 | I20: 0 | J20: 0 | M20: =IF(ISBLANK(Tareas!B16)," - ",Tareas!B16) -> 11. Definición del plan para el ciclo de vida 1 | N20: 0 | O20: 0 | P20: 0.3 | Q20: 0 | R20: 0 | S20: 0 | T20: 0 | U20: 0
B21: =IF(ISBLANK(Tareas!B17)," - ",Tareas!B17) -> 12. Definición de los casos de uso y el modelo E/R | C21: 0 | D21: 0 | E21: 0 | F21: 0 | G21: 0 | H21: 0 | I21: 0 | J21: 0 | M21: =IF(ISBLANK(Tareas!B17)," - ",Tareas!B17) -> 12. Definición de los casos de uso y el modelo E/R | N21: 0 | O21: 0 | P21: 0 | Q21: 0 | R21: 0 | S21: 0 | T21: 0 | U21: 0
... B62: =IF(ISBLANK(Tareas!B58)," - ",Tareas!B58) -> 53. Entrega del ciclo de vida | C62: 0 | D62: 0 | E62: 0 | F62: 0 | G62: 0 | H62: 0 | I62: 0 | J62: 0 | M62: =IF(ISBLANK(Tareas!B58)," - ",Tareas!B58) -> 53. Entrega del ciclo de vida | N62: 0 | O62: 0 | P62: 0 | Q62: 0 | R62: 0 | S62: 0 | T62: 0 | U62: 0
B63: =IF(ISBLANK(Tareas!B59)," - ",Tareas!B59) -> - | M63: =IF(ISBLANK(Tareas!B59)," - ",Tareas!B59) -> -
B64: =IF(ISBLANK(Tareas!B60)," - ",Tareas!B60) -> - | M64: =IF(ISBLANK(Tareas!B60)," - ",Tareas!B60) -> -
B65: =IF(ISBLANK(Tareas!B61)," - ",Tareas!B61) -> - | M65: =IF(ISBLANK(Tareas!B61)," - ",Tareas!B61) -> -
B66: =IF(ISBLANK(Tareas!B62)," - ",Tareas!B62) -> - | M66: =IF(ISBLANK(Tareas!B62)," - ",Tareas!B62) -> -
B67: =IF(ISBLANK(Tareas!B63)," - ",Tareas!B63) -> - | M67: =IF(ISBLANK(Tareas!B63)," - ",Tareas!B63) -> -
B68: =IF(ISBLANK(Tareas!B64)," - ",Tareas!B64) -> - | M68: =IF(ISBLANK(Tareas!B64)," - ",Tareas!B64) -> -
B69: =IF(ISBLANK(Tareas!B65)," - ",Tareas!B65) -> - | M69: =IF(ISBLANK(Tareas!B65)," - ",Tareas!B65) -> -
B70: =IF(ISBLANK(Tareas!B66)," - ",Tareas!B66) -> - | M70: =IF(ISBLANK(Tareas!B66)," - ",Tareas!B66) -> -
B71: =IF(ISBLANK(Tareas!B67)," - ",Tareas!B67) -> - | M71: =IF(ISBLANK(Tareas!B67)," - ",Tareas!B67) -> -
B72: =IF(ISBLANK(Tareas!B68)," - ",Tareas!B68) -> - | M72: =IF(ISBLANK(Tareas!B68)," - ",Tareas!B68) -> -
B73: =IF(ISBLANK(Tareas!B69)," - ",Tareas!B69) -> - | M73: =IF(ISBLANK(Tareas!B69)," - ",Tareas!B69) -> -
B74: =IF(ISBLANK(Tareas!B70)," - ",Tareas!B70) -> - | M74: =IF(ISBLANK(Tareas!B70)," - ",Tareas!B70) -> -
... B201: =IF(ISBLANK(Tareas!B197)," - ",Tareas!B197) -> - | M201: =IF(ISBLANK(Tareas!B197)," - ",Tareas!B197) -> -

Sheet JR
A1: Coste Reales y Costes Planificados
B2: En esta hoja se introducen los valores para cada tarea tanto reales de las horas trabajo del miembro de equipo asi como las horas que tuviera planificadas
B3: Asegurate que los nombres de las tareas son los mismos que el plan
A7: Horas Reales (AC) del Trabajo Planificado | L7: Horas Planificadas (PV)
B9: Nombre Tarea | C9: =Informe!D22 -> S1 | D9: =Informe!E22 -> S2 | E9: =Informe!F22 -> S3 | F9: =Informe!G22 -> S4 | G9: =Informe!H22 -> S5 | H9: =Informe!I22 -> S6 | I9: =Informe!J22 -> S7 | J9: =Informe!K22 -> S8 | M9: Nombre Tarea | N9: =Informe!D22 -> S1 | O9: =Informe!E22 -> S2 | P9: =Informe!F22 -> S3 | Q9: =Informe!G22 -> S4 | R9: =Informe!H22 -> S5 | S9: =Informe!I22 -> S6 | T9: =Informe!J22 -> S7 | U9: =Informe!K22 -> S8
B10: =IF(ISBLANK(Tareas!B6)," - ",Tareas!B6) -> 1. Reunión 1 | C10: 0.5 | D10: 0 | E10: 0 | F10: 0 | G10: 0 | H10: 0 | I10: 0 | J10: 0 | M10: =IF(ISBLANK(Tareas!B6)," - ",Tareas!B6) -> 1. Reunión 1 | N10: 1 | O10: 0 | P10: 0 | Q10: 0 | R10: 0 | S10: 0 | T10: 0 | U10: 0
B11: =IF(ISBLANK(Tareas!B7)," - ",Tareas!B7) -> 2. Asignación de roles | C11: 0.5 | D11: 0 | E11: 0 | F11: 0 | G11: 0 | H11: 0 | I11: 0 | J11: 0 | M11: =IF(ISBLANK(Tareas!B7)," - ",Tareas!B7) -> 2. Asignación de roles | N11: 0.3 | O11: 0 | P11: 0 | Q11: 0 | R11: 0 | S11: 0 | T11: 0 | U11: 0
B12: =IF(ISBLANK(Tareas!B8)," - ",Tareas!B8) -> 3. Definición del estándar de documentación | C12: 0.5 | D12: 0 | E12: 0 | F12: 0 | G12: 0 | H12: 0 | I12: 0 | J12: 0 | M12: =IF(ISBLANK(Tareas!B8)," - ",Tareas!B8) -> 3. Definición del estándar de documentación | N12: 0.2 | O12: 0 | P12: 0 | Q12: 0 | R12: 0 | S12: 0 | T12: 0 | U12: 0
B13: =IF(ISBLANK(Tareas!B9)," - ",Tareas!B9) -> 4. Definición del estándar de proceso | C13: 0 | D13: 0 | E13: 0 | F13: 0 | G13: 0 | H13: 0 | I13: 0 | J13: 0 | M13: =IF(ISBLANK(Tareas!B9)," - ",Tareas!B9) -> 4. Definición del estándar de proceso | N13: 0.3 | O13: 0 | P13: 0 | Q13: 0 | R13: 0 | S13: 0 | T13: 0 | U13: 0
B14: =IF(ISBLANK(Tareas!B10)," - ",Tareas!B10) -> 5. Definición del entorno de desarrollo | C14: 0.3 | D14: 0 | E14: 0 | F14: 0 | G14: 0 | H14: 0 | I14: 0 | J14: 0 | M14: =IF(ISBLANK(Tareas!B10)," - ",Tareas!B10) -> 5. Definición del entorno de desarrollo | N14: 0.3 | O14: 0 | P14: 0 | Q14: 0 | R14: 0 | S14: 0 | T14: 0 | U14: 0
B15: =IF(ISBLANK(Tareas!B11)," - ",Tareas!B11) -> 6. Reunión 2 | C15: 0 | D15: 0.5 | E15: 0 | F15: 0 | G15: 0 | H15: 0 | I15: 0 | J15: 0 | M15: =IF(ISBLANK(Tareas!B11)," - ",Tareas!B11) -> 6. Reunión 2 | N15: 0 | O15: 1 | P15: 0 | Q15: 0 | R15: 0 | S15: 0 | T15: 0 | U15: 0
B16: =IF(ISBLANK(Tareas!B12)," - ",Tareas!B12) -> 7. Realización del análisis de requisitos (ERS) | C16: 0 | D16: 1.5 | E16: 0 | F16: 0 | G16: 0 | H16: 0 | I16: 0 | J16: 0 | M16: =IF(ISBLANK(Tareas!B12)," - ",Tareas!B12) -> 7. Realización del análisis de requisitos (ERS) | N16: 0 | O16: 2 | P16: 0 | Q16: 0 | R16: 0 | S16: 0 | T16: 0 | U16: 0
B17: =IF(ISBLANK(Tareas!B13)," - ",Tareas!B13) -> 8. Reunión 3 | C17: 0 | D17: 0 | E17: 0.5 | F17: 0 | G17: 0 | H17: 0 | I17: 0 | J17: 0 | M17: =IF(ISBLANK(Tareas!B13)," - ",Tareas!B13) -> 8. Reunión 3 | N17: 0 | O17: 0 | P17: 1 | Q17: 0 | R17: 0 | S17: 0 | T17: 0 | U17: 0
B18: =IF(ISBLANK(Tareas!B14)," - ",Tareas!B14) -> 9. Revisión del análisis de requisitos | C18: 0 | D18: 0 | E18: 0.5 | F18: 0 | G18: 0 | H18: 0 | I18: 0 | J18: 0 | M18: =IF(ISBLANK(Tareas!B14)," - ",Tareas!B14) -> 9. Revisión del análisis de requisitos | N18: 0 | O18: 0 | P18: 0.2 | Q18: 0 | R18: 0 | S18: 0 | T18: 0 | U18: 0
B19: =IF(ISBLANK(Tareas!B15)," - ",Tareas!B15) -> 10. Disposición del ERS en la línea base (GCS) | C19: 0 | D19: 0 | E19: 0 | F19: 0 | G19: 0 | H19: 0 | I19: 0 | J19: 0 | M19: =IF(ISBLANK(Tareas!B15)," - ",Tareas!B15) -> 10. Disposición del ERS en la línea base (GCS) | N19: 0 | O19: 0 | P19: 0 | Q19: 0 | R19: 0 | S19: 0 | T19: 0 | U19: 0
B20: =IF(ISBLANK(Tareas!B16)," - ",Tareas!B16) -> 11. Definición del plan para el ciclo de vida 1 | C20: 0 | D20: 0 | E20: 0.3 | F20: 0 | G20: 0 | H20: 0 | I20: 0 | J20: 0 | M20: =IF(ISBLANK(Tareas!B16)," - ",Tareas!B16) -> 11. Definición del plan para el ciclo de vida 1 | N20: 0 | O20: 0 | P20: 0.3 | Q20: 0 | R20: 0 | S20: 0 | T20: 0 | U20: 0
B21: =IF(ISBLANK(Tareas!B17)," - ",Tareas!B17) -> 12. Definición de los casos de uso y el modelo E/R | C21: 0 | D21: 0 | E21: 0.5 | F21: 0 | G21: 0 | H21: 0 | I21: 0 | J21: 0 | M21: =IF(ISBLANK(Tareas!B17)," - ",Tareas!B17) -> 12. Definición de los casos de uso y el modelo E/R | N21: 0 | O21: 0 | P21: 1 | Q21: 0 | R21: 0 | S21: 0 | T21: 0 | U21: 0
... B62: =IF(ISBLANK(Tareas!B58)," - ",Tareas!B58) -> 53. Entrega del ciclo de vida | C62: 0 | D62: 0 | E62: 0 | F62: 0 | G62: 0 | H62: 0 | I62: 0 | J62: 0.5 | M62: =IF(ISBLANK(Tareas!B58)," - ",Tareas!B58) -> 53. Entrega del ciclo de vida | N62: 0 | O62: 0 | P62: 0 | Q62: 0 | R62: 0 | S62: 0 | T62: 0 | U62: 0.3
B63: =IF(ISBLANK(Tareas!B59)," - ",Tareas!B59) -> - | M63: =IF(ISBLANK(Tareas!B59)," - ",Tareas!B59) -> -
B64: =IF(ISBLANK(Tareas!B60)," - ",Tareas!B60) -> - | M64: =IF(ISBLANK(Tareas!B60)," - ",Tareas!B60) -> -
B65: =IF(ISBLANK(Tareas!B61)," - ",Tareas!B61) -> - | M65: =IF(ISBLANK(Tareas!B61)," - ",Tareas!B61) -> -
B66: =IF(ISBLANK(Tareas!B62)," - ",Tareas!B62) -> - | M66: =IF(ISBLANK(Tareas!B62)," - ",Tareas!B62) -> -
B67: =IF(ISBLANK(Tareas!B63)," - ",Tareas!B63) -> - | M67: =IF(ISBLANK(Tareas!B63)," - ",Tareas!B63) -> -
B68: =IF(ISBLANK(Tareas!B64)," - ",Tareas!B64) -> - | M68: =IF(ISBLANK(Tareas!B64)," - ",Tareas!B64) -> -
B69: =IF(ISBLANK(Tareas!B65)," - ",Tareas!B65) -> - | M69: =IF(ISBLANK(Tareas!B65)," - ",Tareas!B65) -> -
B70: =IF(ISBLANK(Tareas!B66)," - ",Tareas!B66) -> - | M70: =IF(ISBLANK(Tareas!B66)," - ",Tareas!B66) -> -
B71: =IF(ISBLANK(Tareas!B67)," - ",Tareas!B67) -> - | M71: =IF(ISBLANK(Tareas!B67)," - ",Tareas!B67) -> -
B72: =IF(ISBLANK(Tareas!B68)," - ",Tareas!B68) -> - | M72: =IF(ISBLANK(Tareas!B68)," - ",Tareas!B68) -> -
B73: =IF(ISBLANK(Tareas!B69)," - ",Tareas!B69) -> - | M73: =IF(ISBLANK(Tareas!B69)," - ",Tareas!B69) -> -
B74: =IF(ISBLANK(Tareas!B70)," - ",Tareas!B70) -> - | M74: =IF(ISBLANK(Tareas!B70)," - ",Tareas!B70) -> -
... B201: =IF(ISBLANK(Tareas!B197)," - ",Tareas!B197) -> - | M201: =IF(ISBLANK(Tareas!B197)," - ",Tareas!B197) -> -

Sheet VG
A1: Coste Reales y Costes Planificados
B2: En esta hoja se introducen los valores para cada tarea tanto reales de las horas trabajo del miembro de equipo asi como las horas que tuviera planificadas
B3: Asegurate que los nombres de las tareas son los mismos que el plan
A7: Horas Reales (AC) del Trabajo Planificado | L7: Horas Planificadas (PV)
B9: Nombre Tarea | C9: =Informe!D22 -> S1 | D9: =Informe!E22 -> S2 | E9: =Informe!F22 -> S3 | F9: =Informe!G22 -> S4 | G9: =Informe!H22 -> S5 | H9: =Informe!I22 -> S6 | I9: =Informe!J22 -> S7 | J9: =Informe!K22 -> S8 | M9: Nombre Tarea | N9: =Informe!D22 -> S1 | O9: =Informe!E22 -> S2 | P9: =Informe!F22 -> S3 | Q9: =Informe!G22 -> S4 | R9: =Informe!H22 -> S5 | S9: =Informe!I22 -> S6 | T9: =Informe!J22 -> S7 | U9: =Informe!K22 -> S8
B10: =IF(ISBLANK(Tareas!B6)," - ",Tareas!B6) -> 1. Reunión 1 | C10: 0.5 | D10: 0 | E10: 0 | F10: 0 | G10: 0 | H10: 0 | I10: 0 | J10: 0 | M10: =IF(ISBLANK(Tareas!B6)," - ",Tareas!B6) -> 1. Reunión 1 | N10: 1 | O10: 0 | P10: 0 | Q10: 0 | R10: 0 | S10: 0 | T10: 0 | U10: 0
B11: =IF(ISBLANK(Tareas!B7)," - ",Tareas!B7) -> 2. Asignación de roles | C11: 0.5 | D11: 0 | E11: 0 | F11: 0 | G11: 0 | H11: 0 | I11: 0 | J11: 0 | M11: =IF(ISBLANK(Tareas!B7)," - ",Tareas!B7) -> 2. Asignación de roles | N11: 0.3 | O11: 0 | P11: 0 | Q11: 0 | R11: 0 | S11: 0 | T11: 0 | U11: 0
B12: =IF(ISBLANK(Tareas!B8)," - ",Tareas!B8) -> 3. Definición del estándar de documentación | C12: 0 | D12: 0 | E12: 0 | F12: 0 | G12: 0 | H12: 0 | I12: 0 | J12: 0 | M12: =IF(ISBLANK(Tareas!B8)," - ",Tareas!B8) -> 3. Definición del estándar de documentación | N12: 0 | O12: 0 | P12: 0 | Q12: 0 | R12: 0 | S12: 0 | T12: 0 | U12: 0
B13: =IF(ISBLANK(Tareas!B9)," - ",Tareas!B9) -> 4. Definición del estándar de proceso | C13: 0 | D13: 0 | E13: 0 | F13: 0 | G13: 0 | H13: 0 | I13: 0 | J13: 0 | M13: =IF(ISBLANK(Tareas!B9)," - ",Tareas!B9) -> 4. Definición del estándar de proceso | N13: 0.3 | O13: 0 | P13: 0 | Q13: 0 | R13: 0 | S13: 0 | T13: 0 | U13: 0
B14: =IF(ISBLANK(Tareas!B10)," - ",Tareas!B10) -> 5. Definición del entorno de desarrollo | C14: 0 | D14: 0 | E14: 0 | F14: 0 | G14: 0 | H14: 0 | I14: 0 | J14: 0 | M14: =IF(ISBLANK(Tareas!B10)," - ",Tareas!B10) -> 5. Definición del entorno de desarrollo | N14: 0 | O14: 0 | P14: 0 | Q14: 0 | R14: 0 | S14: 0 | T14: 0 | U14: 0
B15: =IF(ISBLANK(Tareas!B11)," - ",Tareas!B11) -> 6. Reunión 2 | C15: 0 | D15: 0.5 | E15: 0 | F15: 0 | G15: 0 | H15: 0 | I15: 0 | J15: 0 | M15: =IF(ISBLANK(Tareas!B11)," - ",Tareas!B11) -> 6. Reunión 2 | N15: 0 | O15: 1 | P15: 0 | Q15: 0 | R15: 0 | S15: 0 | T15: 0 | U15: 0
B16: =IF(ISBLANK(Tareas!B12)," - ",Tareas!B12) -> 7. Realización del análisis de requisitos (ERS) | C16: 0 | D16: 1.5 | E16: 0.3 | F16: 0 | G16: 0 | H16: 0 | I16: 0 | J16: 0 | M16: =IF(ISBLANK(Tareas!B12)," - ",Tareas!B12) -> 7. Realización del análisis de requisitos (ERS) | N16: 0 | O16: 2 | P16: 0 | Q16: 0 | R16: 0 | S16: 0 | T16: 0 | U16: 0
B17: =IF(ISBLANK(Tareas!B13)," - ",Tareas!B13) -> 8. Reunión 3 | C17: 0 | D17: 0 | E17: 0.5 | F17: 0 | G17: 0 | H17: 0 | I17: 0 | J17: 0 | M17: =IF(ISBLANK(Tareas!B13)," - ",Tareas!B13) -> 8. Reunión 3 | N17: 0 | O17: 0 | P17: 1 | Q17: 0 | R17: 0 | S17: 0 | T17: 0 | U17: 0
B18: =IF(ISBLANK(Tareas!B14)," - ",Tareas!B14) -> 9. Revisión del análisis de requisitos | C18: 0 | D18: 0 | E18: 0.5 | F18: 0 | G18: 0 | H18: 0 | I18: 0 | J18: 0 | M18: =IF(ISBLANK(Tareas!B14)," - ",Tareas!B14) -> 9. Revisión del análisis de requisitos | N18: 0 | O18: 0 | P18: 0.2 | Q18: 0 | R18: 0 | S18: 0 | T18: 0 | U18: 0
B19: =IF(ISBLANK(Tareas!B15)," - ",Tareas!B15) -> 10. Disposición del ERS en la línea base (GCS) | C19: 0 | D19: 0 | E19: 0.3 | F19: 0 | G19: 0 | H19: 0 | I19: 0 | J19: 0 | M19: =IF(ISBLANK(Tareas!B15)," - ",Tareas!B15) -> 10. Disposición del ERS en la línea base (GCS) | N19: 0 | O19: 0 | P19: 0.3 | Q19: 0 | R19: 0 | S19: 0 | T19: 0 | U19: 0
B20: =IF(ISBLANK(Tareas!B16)," - ",Tareas!B16) -> 11. Definición del plan para el ciclo de vida 1 | C20: 0 | D20: 0 | E20: 0.3 | F20: 0 | G20: 0 | H20: 0 | I20: 0 | J20: 0 | M20: =IF(ISBLANK(Tareas!B16)," - ",Tareas!B16) -> 11. Definición del plan para el ciclo de vida 1 | N20: 0 | O20: 0 | P20: 0.3 | Q20: 0 | R20: 0 | S20: 0 | T20: 0 | U20: 0
B21: =IF(ISBLANK(Tareas!B17)," - ",Tareas!B17) -> 12. Definición de los casos de uso y el modelo E/R | C21: 0 | D21: 0 | E21: 0.3 | F21: 0 | G21: 0 | H21: 0 | I21: 0 | J21: 0 | M21: =IF(ISBLANK(Tareas!B17)," - ",Tareas!B17) -> 12. Definición de los casos de uso y el modelo E/R | N21: 0 | O21: 0 | P21: 1 | Q21: 0 | R21: 0 | S21: 0 | T21: 0 | U21: 0
... B62: =IF(ISBLANK(Tareas!B58)," - ",Tareas!B58) -> 53. Entrega del ciclo de vida | C62: 0 | D62: 0 | E62: 0 | F62: 0 | G62: 0 | H62: 0 | I62: 0 | J62: 0 | M62: =IF(ISBLANK(Tareas!B58)," - ",Tareas!B58) -> 53. Entrega del ciclo de vida | N62: 0 | O62: 0 | P62: 0 | Q62: 0 | R62: 0 | S62: 0 | T62: 0 | U62: 0
B63: =IF(ISBLANK(Tareas!B59)," - ",Tareas!B59) -> - | M63: =IF(ISBLANK(Tareas!B59)," - ",Tareas!B59) -> -
B64: =IF(ISBLANK(Tareas!B60)," - ",Tareas!B60) -> - | M64: =IF(ISBLANK(Tareas!B60)," - ",Tareas!B60) -> -
B65: =IF(ISBLANK(Tareas!B61)," - ",Tareas!B61) -> - | M65: =IF(ISBLANK(Tareas!B61)," - ",Tareas!B61) -> -
B66: =IF(ISBLANK(Tareas!B62)," - ",Tareas!B62) -> - | M66: =IF(ISBLANK(Tareas!B62)," - ",Tareas!B62) -> -
B67: =IF(ISBLANK(Tareas!B63)," - ",Tareas!B63) -> - | M67: =IF(ISBLANK(Tareas!B63)," - ",Tareas!B63) -> -
B68: =IF(ISBLANK(Tareas!B64)," - ",Tareas!B64) -> - | M68: =IF(ISBLANK(Tareas!B64)," - ",Tareas!B64) -> -
B69: =IF(ISBLANK(Tareas!B65)," - ",Tareas!B65) -> - | M69: =IF(ISBLANK(Tareas!B65)," - ",Tareas!B65) -> -
B70: =IF(ISBLANK(Tareas!B66)," - ",Tareas!B66) -> - | M70: =IF(ISBLANK(Tareas!B66)," - ",Tareas!B66) -> -
B71: =IF(ISBLANK(Tareas!B67)," - ",Tareas!B67) -> - | M71: =IF(ISBLANK(Tareas!B67)," - ",Tareas!B67) -> -
B72: =IF(ISBLANK(Tareas!B68)," - ",Tareas!B68) -> - | M72: =IF(ISBLANK(Tareas!B68)," - ",Tareas!B68) -> -
B73: =IF(ISBLANK(Tareas!B69)," - ",Tareas!B69) -> - | M73: =IF(ISBLANK(Tareas!B69)," - ",Tareas!B69) -> -
B74: =IF(ISBLANK(Tareas!B70)," - ",Tareas!B70) -> - | M74: =IF(ISBLANK(Tareas!B70)," - ",Tareas!B70) -> -
... B201: =IF(ISBLANK(Tareas!B197)," - ",Tareas!B197) -> - | M201: =IF(ISBLANK(Tareas!B197)," - ",Tareas!B197) -> -

Sheet LM
A1: Coste Reales y Costes Planificados
B2: En esta hoja se introducen los valores para cada tarea tanto reales de las horas trabajo del miembro de equipo asi como las horas que tuviera planificadas
B3: Asegurate que los nombres de las tareas son los mismos que el plan
A7: Horas Reales (AC) del Trabajo Planificado | L7: Horas Planificadas (PV)
B9: Nombre Tarea | C9: =Informe!D22 -> S1 | D9: =Informe!E22 -> S2 | E9: =Informe!F22 -> S3 | F9: =Informe!G22 -> S4 | G9: =Informe!H22 -> S5 | H9: =Informe!I22 -> S6 | I9: =Informe!J22 -> S7 | J9: =Informe!K22 -> S8 | M9: Nombre Tarea | N9: =Informe!D22 -> S1 | O9: =Informe!E22 -> S2 | P9: =Informe!F22 -> S3 | Q9: =Informe!G22 -> S4 | R9: =Informe!H22 -> S5 | S9: =Informe!I22 -> S6 | T9: =Informe!J22 -> S7 | U9: =Informe!K22 -> S8
B10: =IF(ISBLANK(Tareas!B6)," - ",Tareas!B6) -> 1. Reunión 1 | C10: 0.5 | D10: 0 | E10: 0 | F10: 0 | G10: 0 | H10: 0 | I10: 0 | J10: 0 | M10: =IF(ISBLANK(Tareas!B6)," - ",Tareas!B6) -> 1. Reunión 1 | N10: 0.5 | O10: 0 | P10: 0 | Q10: 0 | R10: 0 | S10: 0 | T10: 0 | U10: 0
B11: =IF(ISBLANK(Tareas!B7)," - ",Tareas!B7) -> 2. Asignación de roles | C11: 0 | D11: 0 | E11: 0 | F11: 0 | G11: 0 | H11: 0 | I11: 0 | J11: 0 | M11: =IF(ISBLANK(Tareas!B7)," - ",Tareas!B7) -> 2. Asignación de roles | N11: 0 | O11: 0 | P11: 0 | Q11: 0 | R11: 0 | S11: 0 | T11: 0 | U11: 0
B12: =IF(ISBLANK(Tareas!B8)," - ",Tareas!B8) -> 3. Definición del estándar de documentación | C12: 0.5 | D12: 0 | E12: 0 | F12: 0 | G12: 0 | H12: 0 | I12: 0 | J12: 0 | M12: =IF(ISBLANK(Tareas!B8)," - ",Tareas!B8) -> 3. Definición del estándar de documentación | N12: 0.5 | O12: 0 | P12: 0 | Q12: 0 | R12: 0 | S12: 0 | T12: 0 | U12: 0
B13: =IF(ISBLANK(Tareas!B9)," - ",Tareas!B9) -> 4. Definición del estándar de proceso | C13: 1 | D13: 0 | E13: 0 | F13: 0 | G13: 0 | H13: 0 | I13: 0 | J13: 0 | M13: =IF(ISBLANK(Tareas!B9)," - ",Tareas!B9) -> 4. Definición del estándar de proceso | N13: 1 | O13: 0 | P13: 0 | Q13: 0 | R13: 0 | S13: 0 | T13: 0 | U13: 0
B14: =IF(ISBLANK(Tareas!B10)," - ",Tareas!B10) -> 5. Definición del entorno de desarrollo | C14: 0 | D14: 0 | E14: 0 | F14: 0 | G14: 0 | H14: 0 | I14: 0 | J14: 0 | M14: =IF(ISBLANK(Tareas!B10)," - ",Tareas!B10) -> 5. Definición del entorno de desarrollo | N14: 0 | O14: 0 | P14: 0 | Q14: 0 | R14: 0 | S14: 0 | T14: 0 | U14: 0
B15: =IF(ISBLANK(Tareas!B11)," - ",Tareas!B11) -> 6. Reunión 2 | C15: 0 | D15: 0.5 | E15: 0 | F15: 0 | G15: 0 | H15: 0 | I15: 0 | J15: 0 | M15: =IF(ISBLANK(Tareas!B11)," - ",Tareas!B11) -> 6. Reunión 2 | N15: 0 | O15: 0.5 | P15: 0 | Q15: 0 | R15: 0 | S15: 0 | T15: 0 | U15: 0
B16: =IF(ISBLANK(Tareas!B12)," - ",Tareas!B12) -> 7. Realización del análisis de requisitos (ERS) | C16: 0 | D16: 0 | E16: 0 | F16: 0 | G16: 0 | H16: 0 | I16: 0 | J16: 0 | M16: =IF(ISBLANK(Tareas!B12)," - ",Tareas!B12) -> 7. Realización del análisis de requisitos (ERS) | N16: 0 | O16: 0 | P16: 0 | Q16: 0 | R16: 0 | S16: 0 | T16: 0 | U16: 0
B17: =IF(ISBLANK(Tareas!B13)," - ",Tareas!B13) -> 8. Reunión 3 | C17: 0 | D17: 0 | E17: 0.5 | F17: 0 | G17: 0 | H17: 0 | I17: 0 | J17: 0 | M17: =IF(ISBLANK(Tareas!B13)," - ",Tareas!B13) -> 8. Reunión 3 | N17: 0 | O17: 0 | P17: 0.5 | Q17: 0 | R17: 0 | S17: 0 | T17: 0 | U17: 0
B18: =IF(ISBLANK(Tareas!B14)," - ",Tareas!B14) -> 9. Revisión del análisis de requisitos | C18: 0 | D18: 0 | E18: 0.5 | F18: 0 | G18: 0 | H18: 0 | I18: 0 | J18: 0 | M18: =IF(ISBLANK(Tareas!B14)," - ",Tareas!B14) -> 9. Revisión del análisis de requisitos | N18: 0 | O18: 0 | P18: 0.5 | Q18: 0 | R18: 0 | S18: 0 | T18: 0 | U18: 0
B19: =IF(ISBLANK(Tareas!B15)," - ",Tareas!B15) -> 10. Disposición del ERS en la línea base (GCS) | C19: 0 | D19: 0 | E19: 0 | F19: 0 | G19: 0 | H19: 0 | I19: 0 | J19: 0 | M19: =IF(ISBLANK(Tareas!B15)," - ",Tareas!B15) -> 10. Disposición del ERS en la línea base (GCS) | N19: 0 | O19: 0 | P19: 0 | Q19: 0 | R19: 0 | S19: 0 | T19: 0 | U19: 0
B20: =IF(ISBLANK(Tareas!B16)," - ",Tareas!B16) -> 11. Definición del plan para el ciclo de vida 1 | C20: 0 | D20: 0 | E20: 0.3 | F20: 0 | G20: 0 | H20: 0 | I20: 0 | J20: 0 | M20: =IF(ISBLANK(Tareas!B16)," - ",Tareas!B16) -> 11. Definición del plan para el ciclo de vida 1 | N20: 0 | O20: 0 | P20: 0.3 | Q20: 0 | R20: 0 | S20: 0 | T20: 0 | U20: 0
B21: =IF(ISBLANK(Tareas!B17)," - ",Tareas!B17) -> 12. Definición de los casos de uso y el modelo E/R | C21: 0 | D21: 0 | E21: 0 | F21: 0 | G21: 0 | H21: 0 | I21: 0 | J21: 0 | M21: =IF(ISBLANK(Tareas!B17)," - ",Tareas!B17) -> 12. Definición de los casos de uso y el modelo E/R | N21: 0 | O21: 0 | P21: 0 | Q21: 0 | R21: 0 | S21: 0 | T21: 0 | U21: 0
... B62: =IF(ISBLANK(Tareas!B58)," - ",Tareas!B58) -> 53. Entrega del ciclo de vida | C62: 0 | D62: 0 | E62: 0 | F62: 0 | G62: 0 | H62: 0 | I62: 0 | J62: 0 | M62: =IF(ISBLANK(Tareas!B58)," - ",Tareas!B58) -> 53. Entrega del ciclo de vida | N62: 0 | O62: 0 | P62: 0 | Q62: 0 | R62: 0 | S62: 0 | T62: 0 | U62: 0
B63: =IF(ISBLANK(Tareas!B59)," - ",Tareas!B59) -> - | M63: =IF(ISBLANK(Tareas!B59)," - ",Tareas!B59) -> -
B64: =IF(ISBLANK(Tareas!B60)," - ",Tareas!B60) -> - | M64: =IF(ISBLANK(Tareas!B60)," - ",Tareas!B60) -> -
B65: =IF(ISBLANK(Tareas!B61)," - ",Tareas!B61) -> - | M65: =IF(ISBLANK(Tareas!B61)," - ",Tareas!B61) -> -
B66: =IF(ISBLANK(Tareas!B62)," - ",Tareas!B62) -> - | M66: =IF(ISBLANK(Tareas!B62)," - ",Tareas!B62) -> -
B67: =IF(ISBLANK(Tareas!B63)," - ",Tareas!B63) -> - | M67: =IF(ISBLANK(Tareas!B63)," - ",Tareas!B63) -> -
B68: =IF(ISBLANK(Tareas!B64)," - ",Tareas!B64) -> - | M68: =IF(ISBLANK(Tareas!B64)," - ",Tareas!B64) -> -
B69: =IF(ISBLANK(Tareas!B65)," - ",Tareas!B65) -> - | M69: =IF(ISBLANK(Tareas!B65)," - ",Tareas!B65) -> -
B70: =IF(ISBLANK(Tareas!B66)," - ",Tareas!B66) -> - | M70: =IF(ISBLANK(Tareas!B66)," - ",Tareas!B66) -> -
B71: =IF(ISBLANK(Tareas!B67)," - ",Tareas!B67) -> - | M71: =IF(ISBLANK(Tareas!B67)," - ",Tareas!B67) -> -
B72: =IF(ISBLANK(Tareas!B68)," - ",Tareas!B68) -> - | M72: =IF(ISBLANK(Tareas!B68)," - ",Tareas!B68) -> -
B73: =IF(ISBLANK(Tareas!B69)," - ",Tareas!B69) -> - | M73: =IF(ISBLANK(Tareas!B69)," - ",Tareas!B69) -> -
B74: =IF(ISBLANK(Tareas!B70)," - ",Tareas!B70) -> - | M74: =IF(ISBLANK(Tareas!B70)," - ",Tareas!B70) -> -
... B201: =IF(ISBLANK(Tareas!B197)," - ",Tareas!B197) -> - | M201: =IF(ISBLANK(Tareas!B197)," - ",Tareas!B197) -> -

Sheet Tareas
A1: Lista de tareas
B2: Puedes editar tareas
B3: Puedes añadir tareas al final de la lista, el orden de esta lista será el orden para el resto de hojas
B5: Nombre Tarea
B6: 1. Reunión 1
B7: 2. Asignación de roles
B8: 3. Definición del estándar de documentación
B9: 4. Definición del estándar de proceso
B10: 5. Definición del entorno de desarrollo
B11: 6. Reunión 2
B12: 7. Realización del análisis de requisitos (ERS)
B13: 8. Reunión 3
B14: 9. Revisión del análisis de requisitos
... B44: 39. Revisión de las incidencias detectadas
B45: 40. Implementación de la gestión de degustaciones | C45: ← Puedes añadir más tareas por debajo de esta
B46: 41. Implementación de la pantalla principal (feed y menú)
B47: 42. Integración del prototipo UI
B48: 43. Definición de los casos de prueba
B49: 44. Reunión 8
B50: 45. Realización el informe de post-mortem
B51: 46. Ejecución de las pruebas
B52: 47. Control de versiones y revisión final del código
B53: 48. Revisión de la configuración y los documentos entregables
B54: 49. Revisión de los resultados de las pruebas y corrección de errores
B55: 50. Corrección del código (post-revisión)
B56: 51. Documentación de los resultados y errores de las pruebas
B57: 52. Disposición del código en la línea base (GCS)
... B200: Atención modificar las formulas si hay más tareas

Sheet PV
A1: Hoja de Valor Planificado
B2: Esta hoja calcula el coste actual de cada tarea juntando los valores de los esfuerzos de cada miembro del equipo
B3: Se puede usar para comprobar que se realiza bien la agregacion de las horas de todos los miembros
B4: Esta hoja no tocar
A7: Valor Planificado(PV) o (BCWS) | C7: Horas semanales | D7: =IF(SUM(D10:D100)>0,SUM(D10:D100),"") -> 9.4 | E7: =IF(SUM(E10:E100)>0,SUM(E10:E100),"") -> 8.5 | F7: =IF(SUM(F10:F100)>0,SUM(F10:F100),"") -> 14.2 | G7: =IF(SUM(G10:G100)>0,SUM(G10:G100),"") -> 12 | H7: =IF(SUM(H10:H100)>0,SUM(H10:H100),"") -> 8.7 | I7: =IF(SUM(I10:I100)>0,SUM(I10:I100),"") -> 7.6 | J7: =IF(SUM(J10:J100)>0,SUM(J10:J100),"") -> 15.8 | K7: =IF(SUM(K10:K100)>0,SUM(K10:K100),"") -> 11.3
C8: Acumulado Valor Planificado | D8: =IF(D7="","",D7) -> 9.4 | E8: =IF(E7="",D8,E7+D8) -> 17.9 | F8: =IF(F7="",E8,F7+E8) -> 32.1 | G8: =IF(G7="",F8,G7+F8) -> 44.1 | H8: =IF(H7="",G8,H7+G8) -> 52.8 | I8: =IF(I7="",H8,I7+H8) -> 60.4 | J8: =IF(J7="",I8,J7+I8) -> 76.2 | K8: =IF(K7="",J8,K7+J8) -> 87.5
B9: Nombre Tarea | C9: TBC | D9: =Informe!D22 -> S1 | E9: =Informe!E22 -> S2 | F9: =Informe!F22 -> S3 | G9: =Informe!G22 -> S4 | H9: =Informe!H22 -> S5 | I9: =Informe!I22 -> S6 | J9: =Informe!J22 -> S7 | K9: =Informe!K22 -> S8
B10: =IF(ISBLANK(Tareas!B6)," - ",Tareas!B6) -> 1. Reunión 1 | C10: =IF(ISBLANK(Tareas!$B6),"-",SUM(D10:M10)) -> 4.5 | D10: {=IF(ISBLANK(Tareas!$B6),"-", SUM( SUMIF(INDIRECT(Equipo!$C$4&"!B10:B1000"),$B10,INDIRECT(Equipo!$C$4&"!"&ADDRESS(10,COLUMN(D$9)+10)&":"&ADDRESS(1000,COLUMN(D$9)+10))), SUMIF(INDIRECT(Equipo!$D$4&"!B10:B1000"),$B10,INDIRECT(Equipo!$D$4&"!"&ADDRESS(10,COLUMN(D$9)+10)&":"&ADDRESS(1000,COLUMN(D$9)+10))), SUMIF(INDIRECT(Equipo!$E$4&"!B10:B1000"),$B10,INDIRECT(Equipo!$E$4&"!"&ADDRESS(10,COLUMN(D$9)+10)&":"&ADDRESS(1000,COLUMN(D$9)+10))), SUMIF(INDIRECT(Equipo!$F$4&"!B10:B1000"),$B10,INDIRECT(Equipo!$F$4&"!"&ADDRESS(10,COLUMN(D$9)+10)&":"&ADDRESS(1000,COLUMN(D$9)+10))), SUMIF(INDIRECT(Equipo!$G$4&"!B10:B1000"),$B10,INDIRECT(Equipo!$G$4&"!"&ADDRESS(10,COLUMN(D$9)+10)&":"&ADDRESS(1000,COLUMN(D$9)+10))) ))} -> 4.5 | E10: {=IF(ISBLANK(Tareas!$B6),"-", SUM( SUMIF(INDIRECT(Equipo!$C$4&"!B10:B1000"),$B10,INDIRECT(Equipo!$C$4&"!"&ADDRESS(10,COLUMN(E$9)+10)&":"&ADDRESS(1000,COLUMN(E$9)+10))), SUMIF(INDIRECT(Equipo!$D$4&"!B10:B1000"),$B10,INDIRECT(Equipo!$D$4&"!"&ADDRESS(10,COLUMN(E$9)+10)&":"&ADDRESS(1000,COLUMN(E$9)+10))), SUMIF(INDIRECT(Equipo!$E$4&"!B10:B1000"),$B10,INDIRECT(Equipo!$E$4&"!"&ADDRESS(10,COLUMN(E$9)+10)&":"&ADDRESS(1000,COLUMN(E$9)+10))), SUMIF(INDIRECT(Equipo!$F$4&"!B10:B1000"),$B10,INDIRECT(Equipo!$F$4&"!"&ADDRESS(10,COLUMN(E$9)+10)&":"&ADDRESS(1000,COLUMN(E$9)+10))), SUMIF(INDIRECT(Equipo!$G$4&"!B10:B1000"),$B10,INDIRECT(Equipo!$G$4&"!"&ADDRESS(10,COLUMN(E$9)+10)&":"&ADDRESS(1000,COLUMN(E$9)+10))) ))} -> 0 | F10: {=IF(ISBLANK(Tareas!$B6),"-", SUM( SUMIF(INDIRECT(Equipo!$C$4&"!B10:B1000"),$B10,INDIRECT(Equipo!$C$4&"!"&ADDRESS(10,COLUMN(F$9)+10)&":"&ADDRESS(1000,COLUMN(F$9)+10))), SUMIF(INDIRECT(Equipo!$D$4&"!B10:B1000"),$B10,INDIRECT(Equipo!$D$4&"!"&ADDRESS(10,COLUMN(F$9)+10)&":"&ADDRESS(1000,COLUMN(F$9)+10))), SUMIF(INDIRECT(Equipo!$E$4&"!B10:B1000"),$B10,INDIRECT(Equipo!$E$4&"!"&ADDRESS(10,COLUMN(F$9)+10)&":"&ADDRESS(1000,COLUMN(F$9)+10))), SUMIF(INDIRECT(Equipo!$F$4&"!B10:B1000"),$B10,INDIRECT(Equipo!$F$4&"!"&ADDRESS(10,COLUMN(F$9)+10)&":"&ADDRESS(1000,COLUMN(F$9)+10))), SUMIF(INDIRECT(Equipo!$G$4&"!B10:B1000"),$B10,INDIRECT(Equipo!$G$4&"!"&ADDRESS(10,COLUMN(F$9)+10)&":"&ADDRESS(1000,COLUMN(F$9)+10))) ))} -> 0 | G10: {=IF(ISBLANK(Tareas!$B6),"-", SUM( SUMIF(INDIRECT(Equipo!$C$4&"!B10:B1000"),$B10,INDIRECT(Equipo!$C$4&"!"&ADDRESS(10,COLUMN(G$9)+10)&":"&ADDRESS(1000,COLUMN(G$9)+10))), SUMIF(INDIRECT(Equipo!$D$4&"!B10:B1000"),$B10,INDIRECT(Equipo!$D$4&"!"&ADDRESS(10,COLUMN(G$9)+10)&":"&ADDRESS(1000,COLUMN(G$9)+10))), SUMIF(INDIRECT(Equipo!$E$4&"!B10:B1000"),$B10,INDIRECT(Equipo!$E$4&"!"&ADDRESS(10,COLUMN(G$9)+10)&":"&ADDRESS(1000,COLUMN(G$9)+10))), SUMIF(INDIRECT(Equipo!$F$4&"!B10:B1000"),$B10,INDIRECT(Equipo!$F$4&"!"&ADDRESS(10,COLUMN(G$9)+10)&":"&ADDRESS(1000,COLUMN(G$9)+10))), SUMIF(INDIRECT(Equipo!$G$4&"!B10:B1000"),$B10,INDIRECT(Equipo!$G$4&"!"&ADDRESS(10,COLUMN(G$9)+10)&":"&ADDRESS(1000,COLUMN(G$9)+10))) ))} -> 0 | H10: {=IF(ISBLANK(Tareas!$B6),"-", SUM( SUMIF(INDIRECT(Equipo!$C$4&"!B10:B1000"),$B10,INDIRECT(Equipo!$C$4&"!"&ADDRESS(10,COLUMN(H$9)+10)&":"&ADDRESS(1000,COLUMN(H$9)+10))), SUMIF(INDIRECT(Equipo!$D$4&"!B10:B1000"),$B10,INDIRECT(Equipo!$D$4&"!"&ADDRESS(10,COLUMN(H$9)+10)&":"&ADDRESS(1000,COLUMN(H$9)+10))), SUMIF(INDIRECT(Equipo!$E$4&"!B10:B1000"),$B10,INDIRECT(Equipo!$E$4&"!"&ADDRESS(10,COLUMN(H$9)+10)&":"&ADDRESS(1000,COLUMN(H$9)+10))), SUMIF(INDIRECT(Equipo!$F$4&"!B10:B1000"),$B10,INDIRECT(Equipo!$F$4&"!"&ADDRESS(10,COLUMN(H$9)+10)&":"&ADDRESS(1000,COLUMN(H$9)+10))), SUMIF(INDIRECT(Equipo!$G$4&"!B10:B1000"),$B10,INDIRECT(Equipo!$G$4&"!"&ADDRESS(10,COLUMN(H$9)+10)&":"&ADDRESS(1000,COLUMN(H$9)+10))) ))} -> 0 | I10: {=IF(ISBLANK(Tareas!$B6),"-", SUM( SUMIF(INDIRECT(Equipo!$C$4&"!B10:B1000"),$B10,INDIRECT(Equipo!$C$4&"!"&ADDRESS(10,COLUMN(I$9)+10)&":"&ADDRESS(1000,COLUMN(I$9)+10))), SUMIF(INDIRECT(Equipo!$D$4&"!B10:B1000"),$B10,INDIRECT(Equipo!$D$4&"!"&ADDRESS(10,COLUMN(I$9)+10)&":"&ADDRESS(1000,COLUMN(I$9)+10))), SUMIF(INDIRECT(Equipo!$E$4&"!B10:B1000"),$B10,INDIRECT(Equipo!$E$4&"!"&ADDRESS(10,COLUMN(I$9)+10)&":"&ADDRESS(1000,COLUMN(I$9)+10))), SUMIF(INDIRECT(Equipo!$F$4&"!B10:B1000"),$B10,INDIRECT(Equipo!$F$4&"!"&ADDRESS(10,COLUMN(I$9)+10)&":"&ADDRESS(1000,COLUMN(I$9)+10))), SUMIF(INDIRECT(Equipo!$G$4&"!B10:B1000"),$B10,INDIRECT(Equipo!$G$4&"!"&ADDRESS(10,COLUMN(I$9)+10)&":"&ADDRESS(1000,COLUMN(I$9)+10))) ))} -> 0 | J10: {=IF(ISBLANK(Tareas!$B6),"-", SUM( SUMIF(INDIRECT(Equipo!$C$4&"!B10:B1000"),$B10,INDIRECT(Equipo!$C$4&"!"&ADDRESS(10,COLUMN(J$9)+10)&":"&ADDRESS(1000,COLUMN(J$9)+10))), SUMIF(INDIRECT(Equipo!$D$4&"!B10:B1000"),$B10,INDIRECT(Equipo!$D$4&"!"&ADDRESS(10,COLUMN(J$9)+10)&":"&ADDRESS(1000,COLUMN(J$9)+10))), SUMIF(INDIRECT(Equipo!$E$4&"!B10:B1000"),$B10,INDIRECT(Equipo!$E$4&"!"&ADDRESS(10,COLUMN(J$9)+10)&":"&ADDRESS(1000,COLUMN(J$9)+10))), SUMIF(INDIRECT(Equipo!$F$4&"!B10:B1000"),$B10,INDIRECT(Equipo!$F$4&"!"&ADDRESS(10,COLUMN(J$9)+10)&":"&ADDRESS(1000,COLUMN(J$9)+10))), SUMIF(INDIRECT(Equipo!$G$4&"!B10:B1000"),$B10,INDIRECT(Equipo!$G$4&"!"&ADDRESS(10,COLUMN(J$9)+10)&":"&ADDRESS(1000,COLUMN(J$9)+10))) ))} -> 0 | K10: {=IF(ISBLANK(Tareas!$B6),"-", SUM( SUMIF(INDIRECT(Equipo!$C$4&"!B10:B1000"),$B10,INDIRECT(Equipo!$C$4&"!"&ADDRESS(10,COLUMN(K$9)+10)&":"&ADDRESS(1000,COLUMN(K$9)+10))), SUMIF(INDIRECT(Equipo!$D$4&"!B10:B1000"),$B10,INDIRECT(Equipo!$D$4&"!"&ADDRESS(10,COLUMN(K$9)+10)&":"&ADDRESS(1000,COLUMN(K$9)+10))), SUMIF(INDIRECT(Equipo!$E$4&"!B10:B1000"),$B10,INDIRECT(Equipo!$E$4&"!"&ADDRESS(10,COLUMN(K$9)+10)&":"&ADDRESS(1000,COLUMN(K$9)+10))), SUMIF(INDIRECT(Equipo!$F$4&"!B10:B1000"),$B10,INDIRECT(Equipo!$F$4&"!"&ADDRESS(10,COLUMN(K$9)+10)&":"&ADDRESS(1000,COLUMN(K$9)+10))), SUMIF(INDIRECT(Equipo!$G$4&"!B10:B1000"),$B10,INDIRECT(Equipo!$G$4&"!"&ADDRESS(10,COLUMN(K$9)+10)&":"&ADDRESS(1000,COLUMN(K$9)+10))) ))} -> 0
B11: =IF(ISBLANK(Tareas!B7)," - ",Tareas!B7) -> 2. Asignación de roles | C11: =IF(ISBLANK(Tareas!$B7),"-",SUM(D11:M11)) -> 0.9 | D11: {=IF(ISBLANK(Tareas!$B7),"-", SUM( SUMIF(INDIRECT(Equipo!$C$4&"!B10:B1000"),$B11,INDIRECT(Equipo!$C$4&"!"&ADDRESS(10,COLUMN(D$9)+10)&":"&ADDRESS(1000,COLUMN(D$9)+10))), SUMIF(INDIRECT(Equipo!$D$4&"!B10:B1000"),$B11,INDIRECT(Equipo!$D$4&"!"&ADDRESS(10,COLUMN(D$9)+10)&":"&ADDRESS(1000,COLUMN(D$9)+10))), SUMIF(INDIRECT(Equipo!$E$4&"!B10:B1000"),$B11,INDIRECT(Equipo!$E$4&"!"&ADDRESS(10,COLUMN(D$9)+10)&":"&ADDRESS(1000,COLUMN(D$9)+10))), SUMIF(INDIRECT(Equipo!$F$4&"!B10:B1000"),$B11,INDIRECT(Equipo!$F$4&"!"&ADDRESS(10,COLUMN(D$9)+10)&":"&ADDRESS(1000,COLUMN(D$9)+10))), SUMIF(INDIRECT(Equipo!$G$4&"!B10:B1000"),$B11,INDIRECT(Equipo!$G$4&"!"&ADDRESS(10,COLUMN(D$9)+10)&":"&ADDRESS(1000,COLUMN(D$9)+10))) ))} -> 0.9 | E11: {=IF(ISBLANK(Tareas!$B7),"-", SUM( SUMIF(INDIRECT(Equipo!$C$4&"!B10:B1000"),$B11,INDIRECT(Equipo!$C$4&"!"&ADDRESS(10,COLUMN(E$9)+10)&":"&ADDRESS(1000,COLUMN(E$9)+10))), SUMIF(INDIRECT(Equipo!$D$4&"!B10:B1000"),$B11,INDIRECT(Equipo!$D$4&"!"&ADDRESS(10,COLUMN(E$9)+10)&":"&ADDRESS(1000,COLUMN(E$9)+10))), SUMIF(INDIRECT(Equipo!$E$4&"!B10:B1000"),$B11,INDIRECT(Equipo!$E$4&"!"&ADDRESS(10,COLUMN(E$9)+10)&":"&ADDRESS(1000,COLUMN(E$9)+10))), SUMIF(INDIRECT(Equipo!$F$4&"!B10:B1000"),$B11,INDIRECT(Equipo!$F$4&"!"&ADDRESS(10,COLUMN(E$9)+10)&":"&ADDRESS(1000,COLUMN(E$9)+10))), SUMIF(INDIRECT(Equipo!$G$4&"!B10:B1000"),$B11,INDIRECT(Equipo!$G$4&"!"&ADDRESS(10,COLUMN(E$9)+10)&":"&ADDRESS(1000,COLUMN(E$9)+10))) ))} -> 0 | F11: {=IF(ISBLANK(Tareas!$B7),"-", SUM( SUMIF(INDIRECT(Equipo!$C$4&"!B10:B1000"),$B11,INDIRECT(Equipo!$C$4&"!"&ADDRESS(10,COLUMN(F$9)+10)&":"&ADDRESS(1000,COLUMN(F$9)+10))), SUMIF(INDIRECT(Equipo!$D$4&"!B10:B1000"),$B11,INDIRECT(Equipo!$D$4&"!"&ADDRESS(10,COLUMN(F$9)+10)&":"&ADDRESS(1000,COLUMN(F$9)+10))), SUMIF(INDIRECT(Equipo!$E$4&"!B10:B1000"),$B11,INDIRECT(Equipo!$E$4&"!"&ADDRESS(10,COLUMN(F$9)+10)&":"&ADDRESS(1000,COLUMN(F$9)+10))), SUMIF(INDIRECT(Equipo!$F$4&"!B10:B1000"),$B11,INDIRECT(Equipo!$F$4&"!"&ADDRESS(10,COLUMN(F$9)+10)&":"&ADDRESS(1000,COLUMN(F$9)+10))), SUMIF(INDIRECT(Equipo!$G$4&"!B10:B1000"),$B11,INDIRECT(Equipo!$G$4&"!"&ADDRESS(10,COLUMN(F$9)+10)&":"&ADDRESS(1000,COLUMN(F$9)+10))) ))} -> 0 | G11: {=IF(ISBLANK(Tareas!$B7),"-", SUM( SUMIF(INDIRECT(Equipo!$C$4&"!B10:B1000"),$B11,INDIRECT(Equipo!$C$4&"!"&ADDRESS(10,COLUMN(G$9)+10)&":"&ADDRESS(1000,COLUMN(G$9)+10))), SUMIF(INDIRECT(Equipo!$D$4&"!B10:B1000"),$B11,INDIRECT(Equipo!$D$4&"!"&ADDRESS(10,COLUMN(G$9)+10)&":"&ADDRESS(1000,COLUMN(G$9)+10))), SUMIF(INDIRECT(Equipo!$E$4&"!B10:B1000"),$B11,INDIRECT(Equipo!$E$4&"!"&ADDRESS(10,COLUMN(G$9)+10)&":"&ADDRESS(1000,COLUMN(G$9)+10))), SUMIF(INDIRECT(Equipo!$F$4&"!B10:B1000"),$B11,INDIRECT(Equipo!$F$4&"!"&ADDRESS(10,COLUMN(G$9)+10)&":"&ADDRESS(1000,COLUMN(G$9)+10))), SUMIF(INDIRECT(Equipo!$G$4&"!B10:B1000"),$B11,INDIRECT(Equipo!$G$4&"!"&ADDRESS(10,COLUMN(G$9)+10)&":"&ADDRESS(1000,COLUMN(G$9)+10))) ))} -> 0 | H11: {=IF(ISBLANK(Tareas!$B7),"-", SUM( SUMIF(INDIRECT(Equipo!$C$4&"!B10:B1000"),$B11,INDIRECT(Equipo!$C$4&"!"&ADDRESS(10,COLUMN(H$9)+10)&":"&ADDRESS(1000,COLUMN(H$9)+10))), SUMIF(INDIRECT(Equipo!$D$4&"!B10:B1000"),$B11,INDIRECT(Equipo!$D$4&"!"&ADDRESS(10,COLUMN(H$9)+10)&":"&ADDRESS(1000,COLUMN(H$9)+10))), SUMIF(INDIRECT(Equipo!$E$4&"!B10:B1000"),$B11,INDIRECT(Equipo!$E$4&"!"&ADDRESS(10,COLUMN(H$9)+10)&":"&ADDRESS(1000,COLUMN(H$9)+10))), SUMIF(INDIRECT(Equipo!$F$4&"!B10:B1000"),$B11,INDIRECT(Equipo!$F$4&"!"&ADDRESS(10,COLUMN(H$9)+10)&":"&ADDRESS(1000,COLUMN(H$9)+10))), SUMIF(INDIRECT(Equipo!$G$4&"!B10:B1000"),$B11,INDIRECT(Equipo!$G$4&"!"&ADDRESS(10,COLUMN(H$9)+10)&":"&ADDRESS(1000,COLUMN(H$9)+10))) ))} -> 0 | I11: {=IF(ISBLANK(Tareas!$B7),"-", SUM( SUMIF(INDIRECT(Equipo!$C$4&"!B10:B1000"),$B11,INDIRECT(Equipo!$C$4&"!"&ADDRESS(10,COLUMN(I$9)+10)&":"&ADDRESS(1000,COLUMN(I$9)+10))), SUMIF(INDIRECT(Equipo!$D$4&"!B10:B1000"),$B11,INDIRECT(Equipo!$D$4&"!"&ADDRESS(10,COLUMN(I$9)+10)&":"&ADDRESS(1000,COLUMN(I$9)+10))), SUMIF(INDIRECT(Equipo!$E$4&"!B10:B1000"),$B11,INDIRECT(Equipo!$E$4&"!"&ADDRESS(10,COLUMN(I$9)+10)&":"&ADDRESS(1000,COLUMN(I$9)+10))), SUMIF(INDIRECT(Equipo!$F$4&"!B10:B1000"),$B11,INDIRECT(Equipo!$F$4&"!"&ADDRESS(10,COLUMN(I$9)+10)&":"&ADDRESS(1000,COLUMN(I$9)+10))), SUMIF(INDIRECT(Equipo!$G$4&"!B10:B1000"),$B11,INDIRECT(Equipo!$G$4&"!"&ADDRESS(10,COLUMN(I$9)+10)&":"&ADDRESS(1000,COLUMN(I$9)+10))) ))} -> 0 | J11: {=IF(ISBLANK(Tareas!$B7),"-", SUM( SUMIF(INDIRECT(Equipo!$C$4&"!B10:B1000"),$B11,INDIRECT(Equipo!$C$4&"!"&ADDRESS(10,COLUMN(J$9)+10)&":"&ADDRESS(1000,COLUMN(J$9)+10))), SUMIF(INDIRECT(Equipo!$D$4&"!B10:B1000"),$B11,INDIRECT(Equipo!$D$4&"!"&ADDRESS(10,COLUMN(J$9)+10)&":"&ADDRESS(1000,COLUMN(J$9)+10))), SUMIF(INDIRECT(Equipo!$E$4&"!B10:B1000"),$B11,INDIRECT(Equipo!$E$4&"!"&ADDRESS(10,COLUMN(J$9)+10)&":"&ADDRESS(1000,COLUMN(J$9)+10))), SUMIF(INDIRECT(Equipo!$F$4&"!B10:B1000"),$B11,INDIRECT(Equipo!$F$4&"!"&ADDRESS(10,COLUMN(J$9)+10)&":"&ADDRESS(1000,COLUMN(J$9)+10))), SUMIF(INDIRECT(Equipo!$G$4&"!B10:B1000"),$B11,INDIRECT(Equipo!$G$4&"!"&ADDRESS(10,COLUMN(J$9)+10)&":"&ADDRESS(1000,COLUMN(J$9)+10))) ))} -> 0 | K11: {=IF(ISBLANK(Tareas!$B7),"-", SUM( SUMIF(INDIRECT(Equipo!$C$4&"!B10:B1000"),$B11,INDIRECT(Equipo!$C$4&"!"&ADDRESS(10,COLUMN(K$9)+10)&":"&ADDRESS(1000,COLUMN(K$9)+10))), SUMIF(INDIRECT(Equipo!$D$4&"!B10:B1000"),$B11,INDIRECT(Equipo!$D$4&"!"&ADDRESS(10,COLUMN(K$9)+10)&":"&ADDRESS(1000,COLUMN(K$9)+10))), SUMIF(INDIRECT(Equipo!$E$4&"!B10:B1000"),$B11,INDIRECT(Equipo!$E$4&"!"&ADDRESS(10,COLUMN(K$9)+10)&":"&ADDRESS(1000,COLUMN(K$9)+10))), SUMIF(INDIRECT(Equipo!$F$4&"!B10:B1000"),$B11,INDIRECT(Equipo!$F$4&"!"&ADDRESS(10,COLUMN(K$9)+10)&":"&ADDRESS(1000,COLUMN(K$9)+10))), SUMIF(INDIRECT(Equipo!$G$4&"!B10:B1000"),$B11,INDIRECT(Equipo!$G$4&"!"&ADDRESS(10,COLUMN(K$9)+10)&":"&ADDRESS(1000,COLUMN(K$9)+10))) ))} -> 0
B12: =IF(ISBLANK(Tareas!B8)," - ",Tareas!B8) -> 3. Definición del estándar de documentación | C12: =IF(ISBLANK(Tareas!$B8),"-",SUM(D12:M12)) -> 1.2 | D12: {=IF(ISBLANK(Tareas!$B8),"-", SUM( SUMIF(INDIRECT(Equipo!$C$4&"!B10:B1000"),$B12,INDIRECT(Equipo!$C$4&"!"&ADDRESS(10,COLUMN(D$9)+10)&":"&ADDRESS(1000,COLUMN(D$9)+10))), SUMIF(INDIRECT(Equipo!$D$4&"!B10:B1000"),$B12,INDIRECT(Equipo!$D$4&"!"&ADDRESS(10,COLUMN(D$9)+10)&":"&ADDRESS(1000,COLUMN(D$9)+10))), SUMIF(INDIRECT(Equipo!$E$4&"!B10:B1000"),$B12,INDIRECT(Equipo!$E$4&"!"&ADDRESS(10,COLUMN(D$9)+10)&":"&ADDRESS(1000,COLUMN(D$9)+10))), SUMIF(INDIRECT(Equipo!$F$4&"!B10:B1000"),$B12,INDIRECT(Equipo!$F$4&"!"&ADDRESS(10,COLUMN(D$9)+10)&":"&ADDRESS(1000,COLUMN(D$9)+10))), SUMIF(INDIRECT(Equipo!$G$4&"!B10:B1000"),$B12,INDIRECT(Equipo!$G$4&"!"&ADDRESS(10,COLUMN(D$9)+10)&":"&ADDRESS(1000,COLUMN(D$9)+10))) ))} -> 1.2 | E12: {=IF(ISBLANK(Tareas!$B8),"-", SUM( SUMIF(INDIRECT(Equipo!$C$4&"!B10:B1000"),$B12,INDIRECT(Equipo!$C$4&"!"&ADDRESS(10,COLUMN(E$9)+10)&":"&ADDRESS(1000,COLUMN(E$9)+10))), SUMIF(INDIRECT(Equipo!$D$4&"!B10:B1000"),$B12,INDIRECT(Equipo!$D$4&"!"&ADDRESS(10,COLUMN(E$9)+10)&":"&ADDRESS(1000,COLUMN(E$9)+10))), SUMIF(INDIRECT(Equipo!$E$4&"!B10:B1000"),$B12,INDIRECT(Equipo!$E$4&"!"&ADDRESS(10,COLUMN(E$9)+10)&":"&ADDRESS(1000,COLUMN(E$9)+10))), SUMIF(INDIRECT(Equipo!$F$4&"!B10:B1000"),$B12,INDIRECT(Equipo!$F$4&"!"&ADDRESS(10,COLUMN(E$9)+10)&":"&ADDRESS(1000,COLUMN(E$9)+10))), SUMIF(INDIRECT(Equipo!$G$4&"!B10:B1000"),$B12,INDIRECT(Equipo!$G$4&"!"&ADDRESS(10,COLUMN(E$9)+10)&":"&ADDRESS(1000,COLUMN(E$9)+10))) ))} -> 0 | F12: {=IF(ISBLANK(Tareas!$B8),"-", SUM( SUMIF(INDIRECT(Equipo!$C$4&"!B10:B1000"),$B12,INDIRECT(Equipo!$C$4&"!"&ADDRESS(10,COLUMN(F$9)+10)&":"&ADDRESS(1000,COLUMN(F$9)+10))), SUMIF(INDIRECT(Equipo!$D$4&"!B10:B1000"),$B12,INDIRECT(Equipo!$D$4&"!"&ADDRESS(10,COLUMN(F$9)+10)&":"&ADDRESS(1000,COLUMN(F$9)+10))), SUMIF(INDIRECT(Equipo!$E$4&"!B10:B1000"),$B12,INDIRECT(Equipo!$E$4&"!"&ADDRESS(10,COLUMN(F$9)+10)&":"&ADDRESS(1000,COLUMN(F$9)+10))), SUMIF(INDIRECT(Equipo!$F$4&"!B10:B1000"),$B12,INDIRECT(Equipo!$F$4&"!"&ADDRESS(10,COLUMN(F$9)+10)&":"&ADDRESS(1000,COLUMN(F$9)+10))), SUMIF(INDIRECT(Equipo!$G$4&"!B10:B1000"),$B12,INDIRECT(Equipo!$G$4&"!"&ADDRESS(10,COLUMN(F$9)+10)&":"&ADDRESS(1000,COLUMN(F$9)+10))) ))} -> 0 | G12: {=IF(ISBLANK(Tareas!$B8),"-", SUM( SUMIF(INDIRECT(Equipo!$C$4&"!B10:B1000"),$B12,INDIRECT(Equipo!$C$4&"!"&ADDRESS(10,COLUMN(G$9)+10)&":"&ADDRESS(1000,COLUMN(G$9)+10))), SUMIF(INDIRECT(Equipo!$D$4&"!B10:B1000"),$B12,INDIRECT(Equipo!$D$4&"!"&ADDRESS(10,COLUMN(G$9)+10)&":"&ADDRESS(1000,COLUMN(G$9)+10))), SUMIF(INDIRECT(Equipo!$E$4&"!B10:B1000"),$B12,INDIRECT(Equipo!$E$4&"!"&ADDRESS(10,COLUMN(G$9)+10)&":"&ADDRESS(1000,COLUMN(G$9)+10))), SUMIF(INDIRECT(Equipo!$F$4&"!B10:B1000"),$B12,INDIRECT(Equipo!$F$4&"!"&ADDRESS(10,COLUMN(G$9)+10)&":"&ADDRESS(1000,COLUMN(G$9)+10))), SUMIF(INDIRECT(Equipo!$G$4&"!B10:B1000"),$B12,INDIRECT(Equipo!$G$4&"!"&ADDRESS(10,COLUMN(G$9)+10)&":"&ADDRESS(1000,COLUMN(G$9)+10))) ))} -> 0 | H12: {=IF(ISBLANK(Tareas!$B8),"-", SUM( SUMIF(INDIRECT(Equipo!$C$4&"!B10:B1000"),$B12,INDIRECT(Equipo!$C$4&"!"&ADDRESS(10,COLUMN(H$9)+10)&":"&ADDRESS(1000,COLUMN(H$9)+10))), SUMIF(INDIRECT(Equipo!$D$4&"!B10:B1000"),$B12,INDIRECT(Equipo!$D$4&"!"&ADDRESS(10,COLUMN(H$9)+10)&":"&ADDRESS(1000,COLUMN(H$9)+10))), SUMIF(INDIRECT(Equipo!$E$4&"!B10:B1000"),$B12,INDIRECT(Equipo!$E$4&"!"&ADDRESS(10,COLUMN(H$9)+10)&":"&ADDRESS(1000,COLUMN(H$9)+10))), SUMIF(INDIRECT(Equipo!$F$4&"!B10:B1000"),$B12,INDIRECT(Equipo!$F$4&"!"&ADDRESS(10,COLUMN(H$9)+10)&":"&ADDRESS(1000,COLUMN(H$9)+10))), SUMIF(INDIRECT(Equipo!$G$4&"!B10:B1000"),$B12,INDIRECT(Equipo!$G$4&"!"&ADDRESS(10,COLUMN(H$9)+10)&":"&ADDRESS(1000,COLUMN(H$9)+10))) ))} -> 0 | I12: {=IF(ISBLANK(Tareas!$B8),"-", SUM( SUMIF(INDIRECT(Equipo!$C$4&"!B10:B1000"),$B12,INDIRECT(Equipo!$C$4&"!"&ADDRESS(10,COLUMN(I$9)+10)&":"&ADDRESS(1000,COLUMN(I$9)+10))), SUMIF(INDIRECT(Equipo!$D$4&"!B10:B1000"),$B12,INDIRECT(Equipo!$D$4&"!"&ADDRESS(10,COLUMN(I$9)+10)&":"&ADDRESS(1000,COLUMN(I$9)+10))), SUMIF(INDIRECT(Equipo!$E$4&"!B10:B1000"),$B12,INDIRECT(Equipo!$E$4&"!"&ADDRESS(10,COLUMN(I$9)+10)&":"&ADDRESS(1000,COLUMN(I$9)+10))), SUMIF(INDIRECT(Equipo!$F$4&"!B10:B1000"),$B12,INDIRECT(Equipo!$F$4&"!"&ADDRESS(10,COLUMN(I$9)+10)&":"&ADDRESS(1000,COLUMN(I$9)+10))), SUMIF(INDIRECT(Equipo!$G$4&"!B10:B1000"),$B12,INDIRECT(Equipo!$G$4&"!"&ADDRESS(10,COLUMN(I$9)+10)&":"&ADDRESS(1000,COLUMN(I$9)+10))) ))} -> 0 | J12: {=IF(ISBLANK(Tareas!$B8),"-", SUM( SUMIF(INDIRECT(Equipo!$C$4&"!B10:B1000"),$B12,INDIRECT(Equipo!$C$4&"!"&ADDRESS(10,COLUMN(J$9)+10)&":"&ADDRESS(1000,COLUMN(J$9)+10))), SUMIF(INDIRECT(Equipo!$D$4&"!B10:B1000"),$B12,INDIRECT(Equipo!$D$4&"!"&ADDRESS(10,COLUMN(J$9)+10)&":"&ADDRESS(1000,COLUMN(J$9)+10))), SUMIF(INDIRECT(Equipo!$E$4&"!B10:B1000"),$B12,INDIRECT(Equipo!$E$4&"!"&ADDRESS(10,COLUMN(J$9)+10)&":"&ADDRESS(1000,COLUMN(J$9)+10))), SUMIF(INDIRECT(Equipo!$F$4&"!B10:B1000"),$B12,INDIRECT(Equipo!$F$4&"!"&ADDRESS(10,COLUMN(J$9)+10)&":"&ADDRESS(1000,COLUMN(J$9)+10))), SUMIF(INDIRECT(Equipo!$G$4&"!B10:B1000"),$B12,INDIRECT(Equipo!$G$4&"!"&ADDRESS(10,COLUMN(J$9)+10)&":"&ADDRESS(1000,COLUMN(J$9)+10))) ))} -> 0 | K12: {=IF(ISBLANK(Tareas!$B8),"-", SUM( SUMIF(INDIRECT(Equipo!$C$4&"!B10:B1000"),$B12,INDIRECT(Equipo!$C$4&"!"&ADDRESS(10,COLUMN(K$9)+10)&":"&ADDRESS(1000,COLUMN(K$9)+10))), SUMIF(INDIRECT(Equipo!$D$4&"!B10:B1000"),$B12,INDIRECT(Equipo!$D$4&"!"&ADDRESS(10,COLUMN(K$9)+10)&":"&ADDRESS(1000,COLUMN(K$9)+10))), SUMIF(INDIRECT(Equipo!$E$4&"!B10:B1000"),$B12,INDIRECT(Equipo!$E$4&"!"&ADDRESS(10,COLUMN(K$9)+10)&":"&ADDRESS(1000,COLUMN(K$9)+10))), SUMIF(INDIRECT(Equipo!$F$4&"!B10:B1000"),$B12,INDIRECT(Equipo!$F$4&"!"&ADDRESS(10,COLUMN(K$9)+10)&":"&ADDRESS(1000,COLUMN(K$9)+10))), SUMIF(INDIRECT(Equipo!$G$4&"!B10:B1000"),$B12,INDIRECT(Equipo!$G$4&"!"&ADDRESS(10,COLUMN(K$9)+10)&":"&ADDRESS(1000,COLUMN(K$9)+10))) ))} -> 0
B13: =IF(ISBLANK(Tareas!B9)," - ",Tareas!B9) -> 4. Definición del estándar de proceso | C13: =IF(ISBLANK(Tareas!$B9),"-",SUM(D13:M13)) -> 2.2 | D13: {=IF(ISBLANK(Tareas!$B9),"-", SUM( SUMIF(INDIRECT(Equipo!$C$4&"!B10:B1000"),$B13,INDIRECT(Equipo!$C$4&"!"&ADDRESS(10,COLUMN(D$9)+10)&":"&ADDRESS(1000,COLUMN(D$9)+10))), SUMIF(INDIRECT(Equipo!$D$4&"!B10:B1000"),$B13,INDIRECT(Equipo!$D$4&"!"&ADDRESS(10,COLUMN(D$9)+10)&":"&ADDRESS(1000,COLUMN(D$9)+10))), SUMIF(INDIRECT(Equipo!$E$4&"!B10:B1000"),$B13,INDIRECT(Equipo!$E$4&"!"&ADDRESS(10,COLUMN(D$9)+10)&":"&ADDRESS(1000,COLUMN(D$9)+10))), SUMIF(INDIRECT(Equipo!$F$4&"!B10:B1000"),$B13,INDIRECT(Equipo!$F$4&"!"&ADDRESS(10,COLUMN(D$9)+10)&":"&ADDRESS(1000,COLUMN(D$9)+10))), SUMIF(INDIRECT(Equipo!$G$4&"!B10:B1000"),$B13,INDIRECT(Equipo!$G$4&"!"&ADDRESS(10,COLUMN(D$9)+10)&":"&ADDRESS(1000,COLUMN(D$9)+10))) ))} -> 2.2 | E13: {=IF(ISBLANK(Tareas!$B9),"-", SUM( SUMIF(INDIRECT(Equipo!$C$4&"!B10:B1000"),$B13,INDIRECT(Equipo!$C$4&"!"&ADDRESS(10,COLUMN(E$9)+10)&":"&ADDRESS(1000,COLUMN(E$9)+10))), SUMIF(INDIRECT(Equipo!$D$4&"!B10:B1000"),$B13,INDIRECT(Equipo!$D$4&"!"&ADDRESS(10,COLUMN(E$9)+10)&":"&ADDRESS(1000,COLUMN(E$9)+10))), SUMIF(INDIRECT(Equipo!$E$4&"!B10:B1000"),$B13,INDIRECT(Equipo!$E$4&"!"&ADDRESS(10,COLUMN(E$9)+10)&":"&ADDRESS(1000,COLUMN(E$9)+10))), SUMIF(INDIRECT(Equipo!$F$4&"!B10:B1000"),$B13,INDIRECT(Equipo!$F$4&"!"&ADDRESS(10,COLUMN(E$9)+10)&":"&ADDRESS(1000,COLUMN(E$9)+10))), SUMIF(INDIRECT(Equipo!$G$4&"!B10:B1000"),$B13,INDIRECT(Equipo!$G$4&"!"&ADDRESS(10,COLUMN(E$9)+10)&":"&ADDRESS(1000,COLUMN(E$9)+10))) ))} -> 0 | F13: {=IF(ISBLANK(Tareas!$B9),"-", SUM( SUMIF(INDIRECT(Equipo!$C$4&"!B10:B1000"),$B13,INDIRECT(Equipo!$C$4&"!"&ADDRESS(10,COLUMN(F$9)+10)&":"&ADDRESS(1000,COLUMN(F$9)+10))), SUMIF(INDIRECT(Equipo!$D$4&"!B10:B1000"),$B13,INDIRECT(Equipo!$D$4&"!"&ADDRESS(10,COLUMN(F$9)+10)&":"&ADDRESS(1000,COLUMN(F$9)+10))), SUMIF(INDIRECT(Equipo!$E$4&"!B10:B1000"),$B13,INDIRECT(Equipo!$E$4&"!"&ADDRESS(10,COLUMN(F$9)+10)&":"&ADDRESS(1000,COLUMN(F$9)+10))), SUMIF(INDIRECT(Equipo!$F$4&"!B10:B1000"),$B13,INDIRECT(Equipo!$F$4&"!"&ADDRESS(10,COLUMN(F$9)+10)&":"&ADDRESS(1000,COLUMN(F$9)+10))), SUMIF(INDIRECT(Equipo!$G$4&"!B10:B1000"),$B13,INDIRECT(Equipo!$G$4&"!"&ADDRESS(10,COLUMN(F$9)+10)&":"&ADDRESS(1000,COLUMN(F$9)+10))) ))} -> 0 | G13: {=IF(ISBLANK(Tareas!$B9),"-", SUM( SUMIF(INDIRECT(Equipo!$C$4&"!B10:B1000"),$B13,INDIRECT(Equipo!$C$4&"!"&ADDRESS(10,COLUMN(G$9)+10)&":"&ADDRESS(1000,COLUMN(G$9)+10))), SUMIF(INDIRECT(Equipo!$D$4&"!B10:B1000"),$B13,INDIRECT(Equipo!$D$4&"!"&ADDRESS(10,COLUMN(G$9)+10)&":"&ADDRESS(1000,COLUMN(G$9)+10))), SUMIF(INDIRECT(Equipo!$E$4&"!B10:B1000"),$B13,INDIRECT(Equipo!$E$4&"!"&ADDRESS(10,COLUMN(G$9)+10)&":"&ADDRESS(1000,COLUMN(G$9)+10))), SUMIF(INDIRECT(Equipo!$F$4&"!B10:B1000"),$B13,INDIRECT(Equipo!$F$4&"!"&ADDRESS(10,COLUMN(G$9)+10)&":"&ADDRESS(1000,COLUMN(G$9)+10))), SUMIF(INDIRECT(Equipo!$G$4&"!B10:B1000"),$B13,INDIRECT(Equipo!$G$4&"!"&ADDRESS(10,COLUMN(G$9)+10)&":"&ADDRESS(1000,COLUMN(G$9)+10))) ))} -> 0 | H13: {=IF(ISBLANK(Tareas!$B9),"-", SUM( SUMIF(INDIRECT(Equipo!$C$4&"!B10:B1000"),$B13,INDIRECT(Equipo!$C$4&"!"&ADDRESS(10,COLUMN(H$9)+10)&":"&ADDRESS(1000,COLUMN(H$9)+10))), SUMIF(INDIRECT(Equipo!$D$4&"!B10:B1000"),$B13,INDIRECT(Equipo!$D$4&"!"&ADDRESS(10,COLUMN(H$9)+10)&":"&ADDRESS(1000,COLUMN(H$9)+10))), SUMIF(INDIRECT(Equipo!$E$4&"!B10:B1000"),$B13,INDIRECT(Equipo!$E$4&"!"&ADDRESS(10,COLUMN(H$9)+10)&":"&ADDRESS(1000,COLUMN(H$9)+10))), SUMIF(INDIRECT(Equipo!$F$4&"!B10:B1000"),$B13,INDIRECT(Equipo!$F$4&"!"&ADDRESS(10,COLUMN(H$9)+10)&":"&ADDRESS(1000,COLUMN(H$9)+10))), SUMIF(INDIRECT(Equipo!$G$4&"!B10:B1000"),$B13,INDIRECT(Equipo!$G$4&"!"&ADDRESS(10,COLUMN(H$9)+10)&":"&ADDRESS(1000,COLUMN(H$9)+10))) ))} -> 0 | I13: {=IF(ISBLANK(Tareas!$B9),"-", SUM( SUMIF(INDIRECT(Equipo!$C$4&"!B10:B1000"),$B13,INDIRECT(Equipo!$C$4&"!"&ADDRESS(10,COLUMN(I$9)+10)&":"&ADDRESS(1000,COLUMN(I$9)+10))), SUMIF(INDIRECT(Equipo!$D$4&"!B10:B1000"),$B13,INDIRECT(Equipo!$D$4&"!"&ADDRESS(10,COLUMN(I$9)+10)&":"&ADDRESS(1000,COLUMN(I$9)+10))), SUMIF(INDIRECT(Equipo!$E$4&"!B10:B1000"),$B13,INDIRECT(Equipo!$E$4&"!"&ADDRESS(10,COLUMN(I$9)+10)&":"&ADDRESS(1000,COLUMN(I$9)+10))), SUMIF(INDIRECT(Equipo!$F$4&"!B10:B1000"),$B13,INDIRECT(Equipo!$F$4&"!"&ADDRESS(10,COLUMN(I$9)+10)&":"&ADDRESS(1000,COLUMN(I$9)+10))), SUMIF(INDIRECT(Equipo!$G$4&"!B10:B1000"),$B13,INDIRECT(Equipo!$G$4&"!"&ADDRESS(10,COLUMN(I$9)+10)&":"&ADDRESS(1000,COLUMN(I$9)+10))) ))} -> 0 | J13: {=IF(ISBLANK(Tareas!$B9),"-", SUM( SUMIF(INDIRECT(Equipo!$C$4&"!B10:B1000"),$B13,INDIRECT(Equipo!$C$4&"!"&ADDRESS(10,COLUMN(J$9)+10)&":"&ADDRESS(1000,COLUMN(J$9)+10))), SUMIF(INDIRECT(Equipo!$D$4&"!B10:B1000"),$B13,INDIRECT(Equipo!$D$4&"!"&ADDRESS(10,COLUMN(J$9)+10)&":"&ADDRESS(1000,COLUMN(J$9)+10))), SUMIF(INDIRECT(Equipo!$E$4&"!B10:B1000"),$B13,INDIRECT(Equipo!$E$4&"!"&ADDRESS(10,COLUMN(J$9)+10)&":"&ADDRESS(1000,COLUMN(J$9)+10))), SUMIF(INDIRECT(Equipo!$F$4&"!B10:B1000"),$B13,INDIRECT(Equipo!$F$4&"!"&ADDRESS(10,COLUMN(J$9)+10)&":"&ADDRESS(1000,COLUMN(J$9)+10))), SUMIF(INDIRECT(Equipo!$G$4&"!B10:B1000"),$B13,INDIRECT(Equipo!$G$4&"!"&ADDRESS(10,COLUMN(J$9)+10)&":"&ADDRESS(1000,COLUMN(J$9)+10))) ))} -> 0 | K13: {=IF(ISBLANK(Tareas!$B9),"-", SUM( SUMIF(INDIRECT(Equipo!$C$4&"!B10:B1000"),$B13,INDIRECT(Equipo!$C$4&"!"&ADDRESS(10,COLUMN(K$9)+10)&":"&ADDRESS(1000,COLUMN(K$9)+10))), SUMIF(INDIRECT(Equipo!$D$4&"!B10:B1000"),$B13,INDIRECT(Equipo!$D$4&"!"&ADDRESS(10,COLUMN(K$9)+10)&":"&ADDRESS(1000,COLUMN(K$9)+10))), SUMIF(INDIRECT(Equipo!$E$4&"!B10:B1000"),$B13,INDIRECT(Equipo!$E$4&"!"&ADDRESS(10,COLUMN(K$9)+10)&":"&ADDRESS(1000,COLUMN(K$9)+10))), SUMIF(INDIRECT(Equipo!$F$4&"!B10:B1000"),$B13,INDIRECT(Equipo!$F$4&"!"&ADDRESS(10,COLUMN(K$9)+10)&":"&ADDRESS(1000,COLUMN(K$9)+10))), SUMIF(INDIRECT(Equipo!$G$4&"!B10:B1000"),$B13,INDIRECT(Equipo!$G$4&"!"&ADDRESS(10,COLUMN(K$9)+10)&":"&ADDRESS(1000,COLUMN(K$9)+10))) ))} -> 0
B14: =IF(ISBLANK(Tareas!B10)," - ",Tareas!B10) -> 5. Definición del entorno de desarrollo | C14: =IF(ISBLANK(Tareas!$B10),"-",SUM(D14:M14)) -> 0.6 | D14: {=IF(ISBLANK(Tareas!$B10),"-", SUM( SUMIF(INDIRECT(Equipo!$C$4&"!B10:B1000"),$B14,INDIRECT(Equipo!$C$4&"!"&ADDRESS(10,COLUMN(D$9)+10)&":"&ADDRESS(1000,COLUMN(D$9)+10))), SUMIF(INDIRECT(Equipo!$D$4&"!B10:B1000"),$B14,INDIRECT(Equipo!$D$4&"!"&ADDRESS(10,COLUMN(D$9)+10)&":"&ADDRESS(1000,COLUMN(D$9)+10))), SUMIF(INDIRECT(Equipo!$E$4&"!B10:B1000"),$B14,INDIRECT(Equipo!$E$4&"!"&ADDRESS(10,COLUMN(D$9)+10)&":"&ADDRESS(1000,COLUMN(D$9)+10))), SUMIF(INDIRECT(Equipo!$F$4&"!B10:B1000"),$B14,INDIRECT(Equipo!$F$4&"!"&ADDRESS(10,COLUMN(D$9)+10)&":"&ADDRESS(1000,COLUMN(D$9)+10))), SUMIF(INDIRECT(Equipo!$G$4&"!B10:B1000"),$B14,INDIRECT(Equipo!$G$4&"!"&ADDRESS(10,COLUMN(D$9)+10)&":"&ADDRESS(1000,COLUMN(D$9)+10))) ))} -> 0.6 | E14: {=IF(ISBLANK(Tareas!$B10),"-", SUM( SUMIF(INDIRECT(Equipo!$C$4&"!B10:B1000"),$B14,INDIRECT(Equipo!$C$4&"!"&ADDRESS(10,COLUMN(E$9)+10)&":"&ADDRESS(1000,COLUMN(E$9)+10))), SUMIF(INDIRECT(Equipo!$D$4&"!B10:B1000"),$B14,INDIRECT(Equipo!$D$4&"!"&ADDRESS(10,COLUMN(E$9)+10)&":"&ADDRESS(1000,COLUMN(E$9)+10))), SUMIF(INDIRECT(Equipo!$E$4&"!B10:B1000"),$B14,INDIRECT(Equipo!$E$4&"!"&ADDRESS(10,COLUMN(E$9)+10)&":"&ADDRESS(1000,COLUMN(E$9)+10))), SUMIF(INDIRECT(Equipo!$F$4&"!B10:B1000"),$B14,INDIRECT(Equipo!$F$4&"!"&ADDRESS(10,COLUMN(E$9)+10)&":"&ADDRESS(1000,COLUMN(E$9)+10))), SUMIF(INDIRECT(Equipo!$G$4&"!B10:B1000"),$B14,INDIRECT(Equipo!$G$4&"!"&ADDRESS(10,COLUMN(E$9)+10)&":"&ADDRESS(1000,COLUMN(E$9)+10))) ))} -> 0 | F14: {=IF(ISBLANK(Tareas!$B10),"-", SUM( SUMIF(INDIRECT(Equipo!$C$4&"!B10:B1000"),$B14,INDIRECT(Equipo!$C$4&"!"&ADDRESS(10,COLUMN(F$9)+10)&":"&ADDRESS(1000,COLUMN(F$9)+10))), SUMIF(INDIRECT(Equipo!$D$4&"!B10:B1000"),$B14,INDIRECT(Equipo!$D$4&"!"&ADDRESS(10,COLUMN(F$9)+10)&":"&ADDRESS(1000,COLUMN(F$9)+10))), SUMIF(INDIRECT(Equipo!$E$4&"!B10:B1000"),$B14,INDIRECT(Equipo!$E$4&"!"&ADDRESS(10,COLUMN(F$9)+10)&":"&ADDRESS(1000,COLUMN(F$9)+10))), SUMIF(INDIRECT(Equipo!$F$4&"!B10:B1000"),$B14,INDIRECT(Equipo!$F$4&"!"&ADDRESS(10,COLUMN(F$9)+10)&":"&ADDRESS(1000,COLUMN(F$9)+10))), SUMIF(INDIRECT(Equipo!$G$4&"!B10:B1000"),$B14,INDIRECT(Equipo!$G$4&"!"&ADDRESS(10,COLUMN(F$9)+10)&":"&ADDRESS(1000,COLUMN(F$9)+10))) ))} -> 0 | G14: {=IF(ISBLANK(Tareas!$B10),"-", SUM( SUMIF(INDIRECT(Equipo!$C$4&"!B10:B1000"),$B14,INDIRECT(Equipo!$C$4&"!"&ADDRESS(10,COLUMN(G$9)+10)&":"&ADDRESS(1000,COLUMN(G$9)+10))), SUMIF(INDIRECT(Equipo!$D$4&"!B10:B1000"),$B14,INDIRECT(Equipo!$D$4&"!"&ADDRESS(10,COLUMN(G$9)+10)&":"&ADDRESS(1000,COLUMN(G$9)+10))), SUMIF(INDIRECT(Equipo!$E$4&"!B10:B1000"),$B14,INDIRECT(Equipo!$E$4&"!"&ADDRESS(10,COLUMN(G$9)+10)&":"&ADDRESS(1000,COLUMN(G$9)+10))), SUMIF(INDIRECT(Equipo!$F$4&"!B10:B1000"),$B14,INDIRECT(Equipo!$F$4&"!"&ADDRESS(10,COLUMN(G$9)+10)&":"&ADDRESS(1000,COLUMN(G$9)+10))), SUMIF(INDIRECT(Equipo!$G$4&"!B10:B1000"),$B14,INDIRECT(Equipo!$G$4&"!"&ADDRESS(10,COLUMN(G$9)+10)&":"&ADDRESS(1000,COLUMN(G$9)+10))) ))} -> 0 | H14: {=IF(ISBLANK(Tareas!$B10),"-", SUM( SUMIF(INDIRECT(Equipo!$C$4&"!B10:B1000"),$B14,INDIRECT(Equipo!$C$4&"!"&ADDRESS(10,COLUMN(H$9)+10)&":"&ADDRESS(1000,COLUMN(H$9)+10))), SUMIF(INDIRECT(Equipo!$D$4&"!B10:B1000"),$B14,INDIRECT(Equipo!$D$4&"!"&ADDRESS(10,COLUMN(H$9)+10)&":"&ADDRESS(1000,COLUMN(H$9)+10))), SUMIF(INDIRECT(Equipo!$E$4&"!B10:B1000"),$B14,INDIRECT(Equipo!$E$4&"!"&ADDRESS(10,COLUMN(H$9)+10)&":"&ADDRESS(1000,COLUMN(H$9)+10))), SUMIF(INDIRECT(Equipo!$F$4&"!B10:B1000"),$B14,INDIRECT(Equipo!$F$4&"!"&ADDRESS(10,COLUMN(H$9)+10)&":"&ADDRESS(1000,COLUMN(H$9)+10))), SUMIF(INDIRECT(Equipo!$G$4&"!B10:B1000"),$B14,INDIRECT(Equipo!$G$4&"!"&ADDRESS(10,COLUMN(H$9)+10)&":"&ADDRESS(1000,COLUMN(H$9)+10))) ))} -> 0 | I14: {=IF(ISBLANK(Tareas!$B10),"-", SUM( SUMIF(INDIRECT(Equipo!$C$4&"!B10:B1000"),$B14,INDIRECT(Equipo!$C$4&"!"&ADDRESS(10,COLUMN(I$9)+10)&":"&ADDRESS(1000,COLUMN(I$9)+10))), SUMIF(INDIRECT(Equipo!$D$4&"!B10:B1000"),$B14,INDIRECT(Equipo!$D$4&"!"&ADDRESS(10,COLUMN(I$9)+10)&":"&ADDRESS(1000,COLUMN(I$9)+10))), SUMIF(INDIRECT(Equipo!$E$4&"!B10:B1000"),$B14,INDIRECT(Equipo!$E$4&"!"&ADDRESS(10,COLUMN(I$9)+10)&":"&ADDRESS(1000,COLUMN(I$9)+10))), SUMIF(INDIRECT(Equipo!$F$4&"!B10:B1000"),$B14,INDIRECT(Equipo!$F$4&"!"&ADDRESS(10,COLUMN(I$9)+10)&":"&ADDRESS(1000,COLUMN(I$9)+10))), SUMIF(INDIRECT(Equipo!$G$4&"!B10:B1000"),$B14,INDIRECT(Equipo!$G$4&"!"&ADDRESS(10,COLUMN(I$9)+10)&":"&ADDRESS(1000,COLUMN(I$9)+10))) ))} -> 0 | J14: {=IF(ISBLANK(Tareas!$B10),"-", SUM( SUMIF(INDIRECT(Equipo!$C$4&"!B10:B1000"),$B14,INDIRECT(Equipo!$C$4&"!"&ADDRESS(10,COLUMN(J$9)+10)&":"&ADDRESS(1000,COLUMN(J$9)+10))), SUMIF(INDIRECT(Equipo!$D$4&"!B10:B1000"),$B14,INDIRECT(Equipo!$D$4&"!"&ADDRESS(10,COLUMN(J$9)+10)&":"&ADDRESS(1000,COLUMN(J$9)+10))), SUMIF(INDIRECT(Equipo!$E$4&"!B10:B1000"),$B14,INDIRECT(Equipo!$E$4&"!"&ADDRESS(10,COLUMN(J$9)+10)&":"&ADDRESS(1000,COLUMN(J$9)+10))), SUMIF(INDIRECT(Equipo!$F$4&"!B10:B1000"),$B14,INDIRECT(Equipo!$F$4&"!"&ADDRESS(10,COLUMN(J$9)+10)&":"&ADDRESS(1000,COLUMN(J$9)+10))), SUMIF(INDIRECT(Equipo!$G$4&"!B10:B1000"),$B14,INDIRECT(Equipo!$G$4&"!"&ADDRESS(10,COLUMN(J$9)+10)&":"&ADDRESS(1000,COLUMN(J$9)+10))) ))} -> 0 | K14: {=IF(ISBLANK(Tareas!$B10),"-", SUM( SUMIF(INDIRECT(Equipo!$C$4&"!B10:B1000"),$B14,INDIRECT(Equipo!$C$4&"!"&ADDRESS(10,COLUMN(K$9)+10)&":"&ADDRESS(1000,COLUMN(K$9)+10))), SUMIF(INDIRECT(Equipo!$D$4&"!B10:B1000"),$B14,INDIRECT(Equipo!$D$4&"!"&ADDRESS(10,COLUMN(K$9)+10)&":"&ADDRESS(1000,COLUMN(K$9)+10))), SUMIF(INDIRECT(Equipo!$E$4&"!B10:B1000"),$B14,INDIRECT(Equipo!$E$4&"!"&ADDRESS(10,COLUMN(K$9)+10)&":"&ADDRESS(1000,COLUMN(K$9)+10))), SUMIF(INDIRECT(Equipo!$F$4&"!B10:B1000"),$B14,INDIRECT(Equipo!$F$4&"!"&ADDRESS(10,COLUMN(K$9)+10)&":"&ADDRESS(1000,COLUMN(K$9)+10))), SUMIF(INDIRECT(Equipo!$G$4&"!B10:B1000"),$B14,INDIRECT(Equipo!$G$4&"!"&ADDRESS(10,COLUMN(K$9)+10)&":"&ADDRESS(1000,COLUMN(K$9)+10))) ))} -> 0
B15: =IF(ISBLANK(Tareas!B11)," - ",Tareas!B11) -> 6. Reunión 2 | C15: =IF(ISBLANK(Tareas!$B11),"-",SUM(D15:M15)) -> 4.5 | D15: {=IF(ISBLANK(Tareas!$B11),"-", SUM( SUMIF(INDIRECT(Equipo!$C$4&"!B10:B1000"),$B15,INDIRECT(Equipo!$C$4&"!"&ADDRESS(10,COLUMN(D$9)+10)&":"&ADDRESS(1000,COLUMN(D$9)+10))), SUMIF(INDIRECT(Equipo!$D$4&"!B10:B1000"),$B15,INDIRECT(Equipo!$D$4&"!"&ADDRESS(10,COLUMN(D$9)+10)&":"&ADDRESS(1000,COLUMN(D$9)+10))), SUMIF(INDIRECT(Equipo!$E$4&"!B10:B1000"),$B15,INDIRECT(Equipo!$E$4&"!"&ADDRESS(10,COLUMN(D$9)+10)&":"&ADDRESS(1000,COLUMN(D$9)+10))), SUMIF(INDIRECT(Equipo!$F$4&"!B10:B1000"),$B15,INDIRECT(Equipo!$F$4&"!"&ADDRESS(10,COLUMN(D$9)+10)&":"&ADDRESS(1000,COLUMN(D$9)+10))), SUMIF(INDIRECT(Equipo!$G$4&"!B10:B1000"),$B15,INDIRECT(Equipo!$G$4&"!"&ADDRESS(10,COLUMN(D$9)+10)&":"&ADDRESS(1000,COLUMN(D$9)+10))) ))} -> 0 | E15: {=IF(ISBLANK(Tareas!$B11),"-", SUM( SUMIF(INDIRECT(Equipo!$C$4&"!B10:B1000"),$B15,INDIRECT(Equipo!$C$4&"!"&ADDRESS(10,COLUMN(E$9)+10)&":"&ADDRESS(1000,COLUMN(E$9)+10))), SUMIF(INDIRECT(Equipo!$D$4&"!B10:B1000"),$B15,INDIRECT(Equipo!$D$4&"!"&ADDRESS(10,COLUMN(E$9)+10)&":"&ADDRESS(1000,COLUMN(E$9)+10))), SUMIF(INDIRECT(Equipo!$E$4&"!B10:B1000"),$B15,INDIRECT(Equipo!$E$4&"!"&ADDRESS(10,COLUMN(E$9)+10)&":"&ADDRESS(1000,COLUMN(E$9)+10))), SUMIF(INDIRECT(Equipo!$F$4&"!B10:B1000"),$B15,INDIRECT(Equipo!$F$4&"!"&ADDRESS(10,COLUMN(E$9)+10)&":"&ADDRESS(1000,COLUMN(E$9)+10))), SUMIF(INDIRECT(Equipo!$G$4&"!B10:B1000"),$B15,INDIRECT(Equipo!$G$4&"!"&ADDRESS(10,COLUMN(E$9)+10)&":"&ADDRESS(1000,COLUMN(E$9)+10))) ))} -> 4.5 | F15: {=IF(ISBLANK(Tareas!$B11),"-", SUM( SUMIF(INDIRECT(Equipo!$C$4&"!B10:B1000"),$B15,INDIRECT(Equipo!$C$4&"!"&ADDRESS(10,COLUMN(F$9)+10)&":"&ADDRESS(1000,COLUMN(F$9)+10))), SUMIF(INDIRECT(Equipo!$D$4&"!B10:B1000"),$B15,INDIRECT(Equipo!$D$4&"!"&ADDRESS(10,COLUMN(F$9)+10)&":"&ADDRESS(1000,COLUMN(F$9)+10))), SUMIF(INDIRECT(Equipo!$E$4&"!B10:B1000"),$B15,INDIRECT(Equipo!$E$4&"!"&ADDRESS(10,COLUMN(F$9)+10)&":"&ADDRESS(1000,COLUMN(F$9)+10))), SUMIF(INDIRECT(Equipo!$F$4&"!B10:B1000"),$B15,INDIRECT(Equipo!$F$4&"!"&ADDRESS(10,COLUMN(F$9)+10)&":"&ADDRESS(1000,COLUMN(F$9)+10))), SUMIF(INDIRECT(Equipo!$G$4&"!B10:B1000"),$B15,INDIRECT(Equipo!$G$4&"!"&ADDRESS(10,COLUMN(F$9)+10)&":"&ADDRESS(1000,COLUMN(F$9)+10))) ))} -> 0 | G15: {=IF(ISBLANK(Tareas!$B11),"-", SUM( SUMIF(INDIRECT(Equipo!$C$4&"!B10:B1000"),$B15,INDIRECT(Equipo!$C$4&"!"&ADDRESS(10,COLUMN(G$9)+10)&":"&ADDRESS(1000,COLUMN(G$9)+10))), SUMIF(INDIRECT(Equipo!$D$4&"!B10:B1000"),$B15,INDIRECT(Equipo!$D$4&"!"&ADDRESS(10,COLUMN(G$9)+10)&":"&ADDRESS(1000,COLUMN(G$9)+10))), SUMIF(INDIRECT(Equipo!$E$4&"!B10:B1000"),$B15,INDIRECT(Equipo!$E$4&"!"&ADDRESS(10,COLUMN(G$9)+10)&":"&ADDRESS(1000,COLUMN(G$9)+10))), SUMIF(INDIRECT(Equipo!$F$4&"!B10:B1000"),$B15,INDIRECT(Equipo!$F$4&"!"&ADDRESS(10,COLUMN(G$9)+10)&":"&ADDRESS(1000,COLUMN(G$9)+10))), SUMIF(INDIRECT(Equipo!$G$4&"!B10:B1000"),$B15,INDIRECT(Equipo!$G$4&"!"&ADDRESS(10,COLUMN(G$9)+10)&":"&ADDRESS(1000,COLUMN(G$9)+10))) ))} -> 0 | H15: {=IF(ISBLANK(Tareas!$B11),"-", SUM( SUMIF(INDIRECT(Equipo!$C$4&"!B10:B1000"),$B15,INDIRECT(Equipo!$C$4&"!"&ADDRESS(10,COLUMN(H$9)+10)&":"&ADDRESS(1000,COLUMN(H$9)+10))), SUMIF(INDIRECT(Equipo!$D$4&"!B10:B1000"),$B15,INDIRECT(Equipo!$D$4&"!"&ADDRESS(10,COLUMN(H$9)+10)&":"&ADDRESS(1000,COLUMN(H$9)+10))), SUMIF(INDIRECT(Equipo!$E$4&"!B10:B1000"),$B15,INDIRECT(Equipo!$E$4&"!"&ADDRESS(10,COLUMN(H$9)+10)&":"&ADDRESS(1000,COLUMN(H$9)+10))), SUMIF(INDIRECT(Equipo!$F$4&"!B10:B1000"),$B15,INDIRECT(Equipo!$F$4&"!"&ADDRESS(10,COLUMN(H$9)+10)&":"&ADDRESS(1000,COLUMN(H$9)+10))), SUMIF(INDIRECT(Equipo!$G$4&"!B10:B1000"),$B15,INDIRECT(Equipo!$G$4&"!"&ADDRESS(10,COLUMN(H$9)+10)&":"&ADDRESS(1000,COLUMN(H$9)+10))) ))} -> 0 | I15: {=IF(ISBLANK(Tareas!$B11),"-", SUM( SUMIF(INDIRECT(Equipo!$C$4&"!B10:B1000"),$B15,INDIRECT(Equipo!$C$4&"!"&ADDRESS(10,COLUMN(I$9)+10)&":"&ADDRESS(1000,COLUMN(I$9)+10))), SUMIF(INDIRECT(Equipo!$D$4&"!B10:B1000"),$B15,INDIRECT(Equipo!$D$4&"!"&ADDRESS(10,COLUMN(I$9)+10)&":"&ADDRESS(1000,COLUMN(I$9)+10))), SUMIF(INDIRECT(Equipo!$E$4&"!B10:B1000"),$B15,INDIRECT(Equipo!$E$4&"!"&ADDRESS(10,COLUMN(I$9)+10)&":"&ADDRESS(1000,COLUMN(I$9)+10))), SUMIF(INDIRECT(Equipo!$F$4&"!B10:B1000"),$B15,INDIRECT(Equipo!$F$4&"!"&ADDRESS(10,COLUMN(I$9)+10)&":"&ADDRESS(1000,COLUMN(I$9)+10))), SUMIF(INDIRECT(Equipo!$G$4&"!B10:B1000"),$B15,INDIRECT(Equipo!$G$4&"!"&ADDRESS(10,COLUMN(I$9)+10)&":"&ADDRESS(1000,COLUMN(I$9)+10))) ))} -> 0 | J15: {=IF(ISBLANK(Tareas!$B11),"-", SUM( SUMIF(INDIRECT(Equipo!$C$4&"!B10:B1000"),$B15,INDIRECT(Equipo!$C$4&"!"&ADDRESS(10,COLUMN(J$9)+10)&":"&ADDRESS(1000,COLUMN(J$9)+10))), SUMIF(INDIRECT(Equipo!$D$4&"!B10:B1000"),$B15,INDIRECT(Equipo!$D$4&"!"&ADDRESS(10,COLUMN(J$9)+10)&":"&ADDRESS(1000,COLUMN(J$9)+10))), SUMIF(INDIRECT(Equipo!$E$4&"!B10:B1000"),$B15,INDIRECT(Equipo!$E$4&"!"&ADDRESS(10,COLUMN(J$9)+10)&":"&ADDRESS(1000,COLUMN(J$9)+10))), SUMIF(INDIRECT(Equipo!$F$4&"!B10:B1000"),$B15,INDIRECT(Equipo!$F$4&"!"&ADDRESS(10,COLUMN(J$9)+10)&":"&ADDRESS(1000,COLUMN(J$9)+10))), SUMIF(INDIRECT(Equipo!$G$4&"!B10:B1000"),$B15,INDIRECT(Equipo!$G$4&"!"&ADDRESS(10,COLUMN(J$9)+10)&":"&ADDRESS(1000,COLUMN(J$9)+10))) ))} -> 0 | K15: {=IF(ISBLANK(Tareas!$B11),"-", SUM( SUMIF(INDIRECT(Equipo!$C$4&"!B10:B1000"),$B15,INDIRECT(Equipo!$C$4&"!"&ADDRESS(10,COLUMN(K$9)+10)&":"&ADDRESS(1000,COLUMN(K$9)+10))), SUMIF(INDIRECT(Equipo!$D$4&"!B10:B1000"),$B15,INDIRECT(Equipo!$D$4&"!"&ADDRESS(10,COLUMN(K$9)+10)&":"&ADDRESS(1000,COLUMN(K$9)+10))), SUMIF(INDIRECT(Equipo!$E$4&"!B10:B1000"),$B15,INDIRECT(Equipo!$E$4&"!"&ADDRESS(10,COLUMN(K$9)+10)&":"&ADDRESS(1000,COLUMN(K$9)+10))), SUMIF(INDIRECT(Equipo!$F$4&"!B10:B1000"),$B15,INDIRECT(Equipo!$F$4&"!"&ADDRESS(10,COLUMN(K$9)+10)&":"&ADDRESS(1000,COLUMN(K$9)+10))), SUMIF(INDIRECT(Equipo!$G$4&"!B10:B1000"),$B15,INDIRECT(Equipo!$G$4&"!"&ADDRESS(10,COLUMN(K$9)+10)&":"&ADDRESS(1000,COLUMN(K$9)+10))) ))} -> 0
B16: =IF(ISBLANK(Tareas!B12)," - ",Tareas!B12) -> 7. Realización del análisis de requisitos (ERS) | C16: =IF(ISBLANK(Tareas!$B12),"-",SUM(D16:M16)) -> 4 | D16: {=IF(ISBLANK(Tareas!$B12),"-", SUM( SUMIF(INDIRECT(Equipo!$C$4&"!B10:B1000"),$B16,INDIRECT(Equipo!$C$4&"!"&ADDRESS(10,COLUMN(D$9)+10)&":"&ADDRESS(1000,COLUMN(D$9)+10))), SUMIF(INDIRECT(Equipo!$D$4&"!B10:B1000"),$B16,INDIRECT(Equipo!$D$4&"!"&ADDRESS(10,COLUMN(D$9)+10)&":"&ADDRESS(1000,COLUMN(D$9)+10))), SUMIF(INDIRECT(Equipo!$E$4&"!B10:B1000"),$B16,INDIRECT(Equipo!$E$4&"!"&ADDRESS(10,COLUMN(D$9)+10)&":"&ADDRESS(1000,COLUMN(D$9)+10))), SUMIF(INDIRECT(Equipo!$F$4&"!B10:B1000"),$B16,INDIRECT(Equipo!$F$4&"!"&ADDRESS(10,COLUMN(D$9)+10)&":"&ADDRESS(1000,COLUMN(D$9)+10))), SUMIF(INDIRECT(Equipo!$G$4&"!B10:B1000"),$B16,INDIRECT(Equipo!$G$4&"!"&ADDRESS(10,COLUMN(D$9)+10)&":"&ADDRESS(1000,COLUMN(D$9)+10))) ))} -> 0 | E16: {=IF(ISBLANK(Tareas!$B12),"-", SUM( SUMIF(INDIRECT(Equipo!$C$4&"!B10:B1000"),$B16,INDIRECT(Equipo!$C$4&"!"&ADDRESS(10,COLUMN(E$9)+10)&":"&ADDRESS(1000,COLUMN(E$9)+10))), SUMIF(INDIRECT(Equipo!$D$4&"!B10:B1000"),$B16,INDIRECT(Equipo!$D$4&"!"&ADDRESS(10,COLUMN(E$9)+10)&":"&ADDRESS(1000,COLUMN(E$9)+10))), SUMIF(INDIRECT(Equipo!$E$4&"!B10:B1000"),$B16,INDIRECT(Equipo!$E$4&"!"&ADDRESS(10,COLUMN(E$9)+10)&":"&ADDRESS(1000,COLUMN(E$9)+10))), SUMIF(INDIRECT(Equipo!$F$4&"!B10:B1000"),$B16,INDIRECT(Equipo!$F$4&"!"&ADDRESS(10,COLUMN(E$9)+10)&":"&ADDRESS(1000,COLUMN(E$9)+10))), SUMIF(INDIRECT(Equipo!$G$4&"!B10:B1000"),$B16,INDIRECT(Equipo!$G$4&"!"&ADDRESS(10,COLUMN(E$9)+10)&":"&ADDRESS(1000,COLUMN(E$9)+10))) ))} -> 4 | F16: {=IF(ISBLANK(Tareas!$B12),"-", SUM( SUMIF(INDIRECT(Equipo!$C$4&"!B10:B1000"),$B16,INDIRECT(Equipo!$C$4&"!"&ADDRESS(10,COLUMN(F$9)+10)&":"&ADDRESS(1000,COLUMN(F$9)+10))), SUMIF(INDIRECT(Equipo!$D$4&"!B10:B1000"),$B16,INDIRECT(Equipo!$D$4&"!"&ADDRESS(10,COLUMN(F$9)+10)&":"&ADDRESS(1000,COLUMN(F$9)+10))), SUMIF(INDIRECT(Equipo!$E$4&"!B10:B1000"),$B16,INDIRECT(Equipo!$E$4&"!"&ADDRESS(10,COLUMN(F$9)+10)&":"&ADDRESS(1000,COLUMN(F$9)+10))), SUMIF(INDIRECT(Equipo!$F$4&"!B10:B1000"),$B16,INDIRECT(Equipo!$F$4&"!"&ADDRESS(10,COLUMN(F$9)+10)&":"&ADDRESS(1000,COLUMN(F$9)+10))), SUMIF(INDIRECT(Equipo!$G$4&"!B10:B1000"),$B16,INDIRECT(Equipo!$G$4&"!"&ADDRESS(10,COLUMN(F$9)+10)&":"&ADDRESS(1000,COLUMN(F$9)+10))) ))} -> 0 | G16: {=IF(ISBLANK(Tareas!$B12),"-", SUM( SUMIF(INDIRECT(Equipo!$C$4&"!B10:B1000"),$B16,INDIRECT(Equipo!$C$4&"!"&ADDRESS(10,COLUMN(G$9)+10)&":"&ADDRESS(1000,COLUMN(G$9)+10))), SUMIF(INDIRECT(Equipo!$D$4&"!B10:B1000"),$B16,INDIRECT(Equipo!$D$4&"!"&ADDRESS(10,COLUMN(G$9)+10)&":"&ADDRESS(1000,COLUMN(G$9)+10))), SUMIF(INDIRECT(Equipo!$E$4&"!B10:B1000"),$B16,INDIRECT(Equipo!$E$4&"!"&ADDRESS(10,COLUMN(G$9)+10)&":"&ADDRESS(1000,COLUMN(G$9)+10))), SUMIF(INDIRECT(Equipo!$F$4&"!B10:B1000"),$B16,INDIRECT(Equipo!$F$4&"!"&ADDRESS(10,COLUMN(G$9)+10)&":"&ADDRESS(1000,COLUMN(G$9)+10))), SUMIF(INDIRECT(Equipo!$G$4&"!B10:B1000"),$B16,INDIRECT(Equipo!$G$4&"!"&ADDRESS(10,COLUMN(G$9)+10)&":"&ADDRESS(1000,COLUMN(G$9)+10))) ))} -> 0 | H16: {=IF(ISBLANK(Tareas!$B12),"-", SUM( SUMIF(INDIRECT(Equipo!$C$4&"!B10:B1000"),$B16,INDIRECT(Equipo!$C$4&"!"&ADDRESS(10,COLUMN(H$9)+10)&":"&ADDRESS(1000,COLUMN(H$9)+10))), SUMIF(INDIRECT(Equipo!$D$4&"!B10:B1000"),$B16,INDIRECT(Equipo!$D$4&"!"&ADDRESS(10,COLUMN(H$9)+10)&":"&ADDRESS(1000,COLUMN(H$9)+10))), SUMIF(INDIRECT(Equipo!$E$4&"!B10:B1000"),$B16,INDIRECT(Equipo!$E$4&"!"&ADDRESS(10,COLUMN(H$9)+10)&":"&ADDRESS(1000,COLUMN(H$9)+10))), SUMIF(INDIRECT(Equipo!$F$4&"!B10:B1000"),$B16,INDIRECT(Equipo!$F$4&"!"&ADDRESS(10,COLUMN(H$9)+10)&":"&ADDRESS(1000,COLUMN(H$9)+10))), SUMIF(INDIRECT(Equipo!$G$4&"!B10:B1000"),$B16,INDIRECT(Equipo!$G$4&"!"&ADDRESS(10,COLUMN(H$9)+10)&":"&ADDRESS(1000,COLUMN(H$9)+10))) ))} -> 0 | I16: {=IF(ISBLANK(Tareas!$B12),"-", SUM( SUMIF(INDIRECT(Equipo!$C$4&"!B10:B1000"),$B16,INDIRECT(Equipo!$C$4&"!"&ADDRESS(10,COLUMN(I$9)+10)&":"&ADDRESS(1000,COLUMN(I$9)+10))), SUMIF(INDIRECT(Equipo!$D$4&"!B10:B1000"),$B16,INDIRECT(Equipo!$D$4&"!"&ADDRESS(10,COLUMN(I$9)+10)&":"&ADDRESS(1000,COLUMN(I$9)+10))), SUMIF(INDIRECT(Equipo!$E$4&"!B10:B1000"),$B16,INDIRECT(Equipo!$E$4&"!"&ADDRESS(10,COLUMN(I$9)+10)&":"&ADDRESS(1000,COLUMN(I$9)+10))), SUMIF(INDIRECT(Equipo!$F$4&"!B10:B1000"),$B16,INDIRECT(Equipo!$F$4&"!"&ADDRESS(10,COLUMN(I$9)+10)&":"&ADDRESS(1000,COLUMN(I$9)+10))), SUMIF(INDIRECT(Equipo!$G$4&"!B10:B1000"),$B16,INDIRECT(Equipo!$G$4&"!"&ADDRESS(10,COLUMN(I$9)+10)&":"&ADDRESS(1000,COLUMN(I$9)+10))) ))} -> 0 | J16: {=IF(ISBLANK(Tareas!$B12),"-", SUM( SUMIF(INDIRECT(Equipo!$C$4&"!B10:B1000"),$B16,INDIRECT(Equipo!$C$4&"!"&ADDRESS(10,COLUMN(J$9)+10)&":"&ADDRESS(1000,COLUMN(J$9)+10))), SUMIF(INDIRECT(Equipo!$D$4&"!B10:B1000"),$B16,INDIRECT(Equipo!$D$4&"!"&ADDRESS(10,COLUMN(J$9)+10)&":"&ADDRESS(1000,COLUMN(J$9)+10))), SUMIF(INDIRECT(Equipo!$E$4&"!B10:B1000"),$B16,INDIRECT(Equipo!$E$4&"!"&ADDRESS(10,COLUMN(J$9)+10)&":"&ADDRESS(1000,COLUMN(J$9)+10))), SUMIF(INDIRECT(Equipo!$F$4&"!B10:B1000"),$B16,INDIRECT(Equipo!$F$4&"!"&ADDRESS(10,COLUMN(J$9)+10)&":"&ADDRESS(1000,COLUMN(J$9)+10))), SUMIF(INDIRECT(Equipo!$G$4&"!B10:B1000"),$B16,INDIRECT(Equipo!$G$4&"!"&ADDRESS(10,COLUMN(J$9)+10)&":"&ADDRESS(1000,COLUMN(J$9)+10))) ))} -> 0 | K16: {=IF(ISBLANK(Tareas!$B12),"-", SUM( SUMIF(INDIRECT(Equipo!$C$4&"!B10:B1000"),$B16,INDIRECT(Equipo!$C$4&"!"&ADDRESS(10,COLUMN(K$9)+10)&":"&ADDRESS(1000,COLUMN(K$9)+10))), SUMIF(INDIRECT(Equipo!$D$4&"!B10:B1000"),$B16,INDIRECT(Equipo!$D$4&"!"&ADDRESS(10,COLUMN(K$9)+10)&":"&ADDRESS(1000,COLUMN(K$9)+10))), SUMIF(INDIRECT(Equipo!$E$4&"!B10:B1000"),$B16,INDIRECT(Equipo!$E$4&"!"&ADDRESS(10,COLUMN(K$9)+10)&":"&ADDRESS(1000,COLUMN(K$9)+10))), SUMIF(INDIRECT(Equipo!$F$4&"!B10:B1000"),$B16,INDIRECT(Equipo!$F$4&"!"&ADDRESS(10,COLUMN(K$9)+10)&":"&ADDRESS(1000,COLUMN(K$9)+10))), SUMIF(INDIRECT(Equipo!$G$4&"!B10:B1000"),$B16,INDIRECT(Equipo!$G$4&"!"&ADDRESS(10,COLUMN(K$9)+10)&":"&ADDRESS(1000,COLUMN(K$9)+10))) ))} -> 0
B17: =IF(ISBLANK(Tareas!B13)," - ",Tareas!B13) -> 8. Reunión 3 | C17: =IF(ISBLANK(Tareas!$B13),"-",SUM(D17:M17)) -> 4.5 | D17: {=IF(ISBLANK(Tareas!$B13),"-", SUM( SUMIF(INDIRECT(Equipo!$C$4&"!B10:B1000"),$B17,INDIRECT(Equipo!$C$4&"!"&ADDRESS(10,COLUMN(D$9)+10)&":"&ADDRESS(1000,COLUMN(D$9)+10))), SUMIF(INDIRECT(Equipo!$D$4&"!B10:B1000"),$B17,INDIRECT(Equipo!$D$4&"!"&ADDRESS(10,COLUMN(D$9)+10)&":"&ADDRESS(1000,COLUMN(D$9)+10))), SUMIF(INDIRECT(Equipo!$E$4&"!B10:B1000"),$B17,INDIRECT(Equipo!$E$4&"!"&ADDRESS(10,COLUMN(D$9)+10)&":"&ADDRESS(1000,COLUMN(D$9)+10))), SUMIF(INDIRECT(Equipo!$F$4&"!B10:B1000"),$B17,INDIRECT(Equipo!$F$4&"!"&ADDRESS(10,COLUMN(D$9)+10)&":"&ADDRESS(1000,COLUMN(D$9)+10))), SUMIF(INDIRECT(Equipo!$G$4&"!B10:B1000"),$B17,INDIRECT(Equipo!$G$4&"!"&ADDRESS(10,COLUMN(D$9)+10)&":"&ADDRESS(1000,COLUMN(D$9)+10))) ))} -> 0 | E17: {=IF(ISBLANK(Tareas!$B13),"-", SUM( SUMIF(INDIRECT(Equipo!$C$4&"!B10:B1000"),$B17,INDIRECT(Equipo!$C$4&"!"&ADDRESS(10,COLUMN(E$9)+10)&":"&ADDRESS(1000,COLUMN(E$9)+10))), SUMIF(INDIRECT(Equipo!$D$4&"!B10:B1000"),$B17,INDIRECT(Equipo!$D$4&"!"&ADDRESS(10,COLUMN(E$9)+10)&":"&ADDRESS(1000,COLUMN(E$9)+10))), SUMIF(INDIRECT(Equipo!$E$4&"!B10:B1000"),$B17,INDIRECT(Equipo!$E$4&"!"&ADDRESS(10,COLUMN(E$9)+10)&":"&ADDRESS(1000,COLUMN(E$9)+10))), SUMIF(INDIRECT(Equipo!$F$4&"!B10:B1000"),$B17,INDIRECT(Equipo!$F$4&"!"&ADDRESS(10,COLUMN(E$9)+10)&":"&ADDRESS(1000,COLUMN(E$9)+10))), SUMIF(INDIRECT(Equipo!$G$4&"!B10:B1000"),$B17,INDIRECT(Equipo!$G$4&"!"&ADDRESS(10,COLUMN(E$9)+10)&":"&ADDRESS(1000,COLUMN(E$9)+10))) ))} -> 0 | F17: {=IF(ISBLANK(Tareas!$B13),"-", SUM( SUMIF(INDIRECT(Equipo!$C$4&"!B10:B1000"),$B17,INDIRECT(Equipo!$C$4&"!"&ADDRESS(10,COLUMN(F$9)+10)&":"&ADDRESS(1000,COLUMN(F$9)+10))), SUMIF(INDIRECT(Equipo!$D$4&"!B10:B1000"),$B17,INDIRECT(Equipo!$D$4&"!"&ADDRESS(10,COLUMN(F$9)+10)&":"&ADDRESS(1000,COLUMN(F$9)+10))), SUMIF(INDIRECT(Equipo!$E$4&"!B10:B1000"),$B17,INDIRECT(Equipo!$E$4&"!"&ADDRESS(10,COLUMN(F$9)+10)&":"&ADDRESS(1000,COLUMN(F$9)+10))), SUMIF(INDIRECT(Equipo!$F$4&"!B10:B1000"),$B17,INDIRECT(Equipo!$F$4&"!"&ADDRESS(10,COLUMN(F$9)+10)&":"&ADDRESS(1000,COLUMN(F$9)+10))), SUMIF(INDIRECT(Equipo!$G$4&"!B10:B1000"),$B17,INDIRECT(Equipo!$G$4&"!"&ADDRESS(10,COLUMN(F$9)+10)&":"&ADDRESS(1000,COLUMN(F$9)+10))) ))} -> 4.5 | G17: {=IF(ISBLANK(Tareas!$B13),"-", SUM( SUMIF(INDIRECT(Equipo!$C$4&"!B10:B1000"),$B17,INDIRECT(Equipo!$C$4&"!"&ADDRESS(10,COLUMN(G$9)+10)&":"&ADDRESS(1000,COLUMN(G$9)+10))), SUMIF(INDIRECT(Equipo!$D$4&"!B10:B1000"),$B17,INDIRECT(Equipo!$D$4&"!"&ADDRESS(10,COLUMN(G$9)+10)&":"&ADDRESS(1000,COLUMN(G$9)+10))), SUMIF(INDIRECT(Equipo!$E$4&"!B10:B1000"),$B17,INDIRECT(Equipo!$E$4&"!"&ADDRESS(10,COLUMN(G$9)+10)&":"&ADDRESS(1000,COLUMN(G$9)+10))), SUMIF(INDIRECT(Equipo!$F$4&"!B10:B1000"),$B17,INDIRECT(Equipo!$F$4&"!"&ADDRESS(10,COLUMN(G$9)+10)&":"&ADDRESS(1000,COLUMN(G$9)+10))), SUMIF(INDIRECT(Equipo!$G$4&"!B10:B1000"),$B17,INDIRECT(Equipo!$G$4&"!"&ADDRESS(10,COLUMN(G$9)+10)&":"&ADDRESS(1000,COLUMN(G$9)+10))) ))} -> 0 | H17: {=IF(ISBLANK(Tareas!$B13),"-", SUM( SUMIF(INDIRECT(Equipo!$C$4&"!B10:B1000"),$B17,INDIRECT(Equipo!$C$4&"!"&ADDRESS(10,COLUMN(H$9)+10)&":"&ADDRESS(1000,COLUMN(H$9)+10))), SUMIF(INDIRECT(Equipo!$D$4&"!B10:B1000"),$B17,INDIRECT(Equipo!$D$4&"!"&ADDRESS(10,COLUMN(H$9)+10)&":"&ADDRESS(1000,COLUMN(H$9)+10))), SUMIF(INDIRECT(Equipo!$E$4&"!B10:B1000"),$B17,INDIRECT(Equipo!$E$4&"!"&ADDRESS(10,COLUMN(H$9)+10)&":"&ADDRESS(1000,COLUMN(H$9)+10))), SUMIF(INDIRECT(Equipo!$F$4&"!B10:B1000"),$B17,INDIRECT(Equipo!$F$4&"!"&ADDRESS(10,COLUMN(H$9)+10)&":"&ADDRESS(1000,COLUMN(H$9)+10))), SUMIF(INDIRECT(Equipo!$G$4&"!B10:B1000"),$B17,INDIRECT(Equipo!$G$4&"!"&ADDRESS(10,COLUMN(H$9)+10)&":"&ADDRESS(1000,COLUMN(H$9)+10))) ))} -> 0 | I17: {=IF(ISBLANK(Tareas!$B13),"-", SUM( SUMIF(INDIRECT(Equipo!$C$4&"!B10:B1000"),$B17,INDIRECT(Equipo!$C$4&"!"&ADDRESS(10,COLUMN(I$9)+10)&":"&ADDRESS(1000,COLUMN(I$9)+10))), SUMIF(INDIRECT(Equipo!$D$4&"!B10:B1000"),$B17,INDIRECT(Equipo!$D$4&"!"&ADDRESS(10,COLUMN(I$9)+10)&":"&ADDRESS(1000,COLUMN(I$9)+10))), SUMIF(INDIRECT(Equipo!$E$4&"!B10:B1000"),$B17,INDIRECT(Equipo!$E$4&"!"&ADDRESS(10,COLUMN(I$9)+10)&":"&ADDRESS(1000,COLUMN(I$9)+10))), SUMIF(INDIRECT(Equipo!$F$4&"!B10:B1000"),$B17,INDIRECT(Equipo!$F$4&"!"&ADDRESS(10,COLUMN(I$9)+10)&":"&ADDRESS(1000,COLUMN(I$9)+10))), SUMIF(INDIRECT(Equipo!$G$4&"!B10:B1000"),$B17,INDIRECT(Equipo!$G$4&"!"&ADDRESS(10,COLUMN(I$9)+10)&":"&ADDRESS(1000,COLUMN(I$9)+10))) ))} -> 0 | J17: {=IF(ISBLANK(Tareas!$B13),"-", SUM( SUMIF(INDIRECT(Equipo!$C$4&"!B10:B1000"),$B17,INDIRECT(Equipo!$C$4&"!"&ADDRESS(10,COLUMN(J$9)+10)&":"&ADDRESS(1000,COLUMN(J$9)+10))), SUMIF(INDIRECT(Equipo!$D$4&"!B10:B1000"),$B17,INDIRECT(Equipo!$D$4&"!"&ADDRESS(10,COLUMN(J$9)+10)&":"&ADDRESS(1000,COLUMN(J$9)+10))), SUMIF(INDIRECT(Equipo!$E$4&"!B10:B1000"),$B17,INDIRECT(Equipo!$E$4&"!"&ADDRESS(10,COLUMN(J$9)+10)&":"&ADDRESS(1000,COLUMN(J$9)+10))), SUMIF(INDIRECT(Equipo!$F$4&"!B10:B1000"),$B17,INDIRECT(Equipo!$F$4&"!"&ADDRESS(10,COLUMN(J$9)+10)&":"&ADDRESS(1000,COLUMN(J$9)+10))), SUMIF(INDIRECT(Equipo!$G$4&"!B10:B1000"),$B17,INDIRECT(Equipo!$G$4&"!"&ADDRESS(10,COLUMN(J$9)+10)&":"&ADDRESS(1000,COLUMN(J$9)+10))) ))} -> 0 | K17: {=IF(ISBLANK(Tareas!$B13),"-", SUM( SUMIF(INDIRECT(Equipo!$C$4&"!B10:B1000"),$B17,INDIRECT(Equipo!$C$4&"!"&ADDRESS(10,COLUMN(K$9)+10)&":"&ADDRESS(1000,COLUMN(K$9)+10))), SUMIF(INDIRECT(Equipo!$D$4&"!B10:B1000"),$B17,INDIRECT(Equipo!$D$4&"!"&ADDRESS(10,COLUMN(K$9)+10)&":"&ADDRESS(1000,COLUMN(K$9)+10))), SUMIF(INDIRECT(Equipo!$E$4&"!B10:B1000"),$B17,INDIRECT(Equipo!$E$4&"!"&ADDRESS(10,COLUMN(K$9)+10)&":"&ADDRESS(1000,COLUMN(K$9)+10))), SUMIF(INDIRECT(Equipo!$F$4&"!B10:B1000"),$B17,INDIRECT(Equipo!$F$4&"!"&ADDRESS(10,COLUMN(K$9)+10)&":"&ADDRESS(1000,COLUMN(K$9)+10))), SUMIF(INDIRECT(Equipo!$G$4&"!B10:B1000"),$B17,INDIRECT(Equipo!$G$4&"!"&ADDRESS(10,COLUMN(K$9)+10)&":"&ADDRESS(1000,COLUMN(K$9)+10))) ))} -> 0
B18: =IF(ISBLANK(Tareas!B14)," - ",Tareas!B14) -> 9. Revisión del análisis de requisitos | C18: =IF(ISBLANK(Tareas!$B14),"-",SUM(D18:M18)) -> 1.4 | D18: {=IF(ISBLANK(Tareas!$B14),"-", SUM( SUMIF(INDIRECT(Equipo!$C$4&"!B10:B1000"),$B18,INDIRECT(Equipo!$C$4&"!"&ADDRESS(10,COLUMN(D$9)+10)&":"&ADDRESS(1000,COLUMN(D$9)+10))), SUMIF(INDIRECT(Equipo!$D$4&"!B10:B1000"),$B18,INDIRECT(Equipo!$D$4&"!"&ADDRESS(10,COLUMN(D$9)+10)&":"&ADDRESS(1000,COLUMN(D$9)+10))), SUMIF(INDIRECT(Equipo!$E$4&"!B10:B1000"),$B18,INDIRECT(Equipo!$E$4&"!"&ADDRESS(10,COLUMN(D$9)+10)&":"&ADDRESS(1000,COLUMN(D$9)+10))), SUMIF(INDIRECT(Equipo!$F$4&"!B10:B1000"),$B18,INDIRECT(Equipo!$F$4&"!"&ADDRESS(10,COLUMN(D$9)+10)&":"&ADDRESS(1000,COLUMN(D$9)+10))), SUMIF(INDIRECT(Equipo!$G$4&"!B10:B1000"),$B18,INDIRECT(Equipo!$G$4&"!"&ADDRESS(10,COLUMN(D$9)+10)&":"&ADDRESS(1000,COLUMN(D$9)+10))) ))} -> 0 | E18: {=IF(ISBLANK(Tareas!$B14),"-", SUM( SUMIF(INDIRECT(Equipo!$C$4&"!B10:B1000"),$B18,INDIRECT(Equipo!$C$4&"!"&ADDRESS(10,COLUMN(E$9)+10)&":"&ADDRESS(1000,COLUMN(E$9)+10))), SUMIF(INDIRECT(Equipo!$D$4&"!B10:B1000"),$B18,INDIRECT(Equipo!$D$4&"!"&ADDRESS(10,COLUMN(E$9)+10)&":"&ADDRESS(1000,COLUMN(E$9)+10))), SUMIF(INDIRECT(Equipo!$E$4&"!B10:B1000"),$B18,INDIRECT(Equipo!$E$4&"!"&ADDRESS(10,COLUMN(E$9)+10)&":"&ADDRESS(1000,COLUMN(E$9)+10))), SUMIF(INDIRECT(Equipo!$F$4&"!B10:B1000"),$B18,INDIRECT(Equipo!$F$4&"!"&ADDRESS(10,COLUMN(E$9)+10)&":"&ADDRESS(1000,COLUMN(E$9)+10))), SUMIF(INDIRECT(Equipo!$G$4&"!B10:B1000"),$B18,INDIRECT(Equipo!$G$4&"!"&ADDRESS(10,COLUMN(E$9)+10)&":"&ADDRESS(1000,COLUMN(E$9)+10))) ))} -> 0 | F18: {=IF(ISBLANK(Tareas!$B14),"-", SUM( SUMIF(INDIRECT(Equipo!$C$4&"!B10:B1000"),$B18,INDIRECT(Equipo!$C$4&"!"&ADDRESS(10,COLUMN(F$9)+10)&":"&ADDRESS(1000,COLUMN(F$9)+10))), SUMIF(INDIRECT(Equipo!$D$4&"!B10:B1000"),$B18,INDIRECT(Equipo!$D$4&"!"&ADDRESS(10,COLUMN(F$9)+10)&":"&ADDRESS(1000,COLUMN(F$9)+10))), SUMIF(INDIRECT(Equipo!$E$4&"!B10:B1000"),$B18,INDIRECT(Equipo!$E$4&"!"&ADDRESS(10,COLUMN(F$9)+10)&":"&ADDRESS(1000,COLUMN(F$9)+10))), SUMIF(INDIRECT(Equipo!$F$4&"!B10:B1000"),$B18,INDIRECT(Equipo!$F$4&"!"&ADDRESS(10,COLUMN(F$9)+10)&":"&ADDRESS(1000,COLUMN(F$9)+10))), SUMIF(INDIRECT(Equipo!$G$4&"!B10:B1000"),$B18,INDIRECT(Equipo!$G$4&"!"&ADDRESS(10,COLUMN(F$9)+10)&":"&ADDRESS(1000,COLUMN(F$9)+10))) ))} -> 1.4 | G18: {=IF(ISBLANK(Tareas!$B14),"-", SUM( SUMIF(INDIRECT(Equipo!$C$4&"!B10:B1000"),$B18,INDIRECT(Equipo!$C$4&"!"&ADDRESS(10,COLUMN(G$9)+10)&":"&ADDRESS(1000,COLUMN(G$9)+10))), SUMIF(INDIRECT(Equipo!$D$4&"!B10:B1000"),$B18,INDIRECT(Equipo!$D$4&"!"&ADDRESS(10,COLUMN(G$9)+10)&":"&ADDRESS(1000,COLUMN(G$9)+10))), SUMIF(INDIRECT(Equipo!$E$4&"!B10:B1000"),$B18,INDIRECT(Equipo!$E$4&"!"&ADDRESS(10,COLUMN(G$9)+10)&":"&ADDRESS(1000,COLUMN(G$9)+10))), SUMIF(INDIRECT(Equipo!$F$4&"!B10:B1000"),$B18,INDIRECT(Equipo!$F$4&"!"&ADDRESS(10,COLUMN(G$9)+10)&":"&ADDRESS(1000,COLUMN(G$9)+10))), SUMIF(INDIRECT(Equipo!$G$4&"!B10:B1000"),$B18,INDIRECT(Equipo!$G$4&"!"&ADDRESS(10,COLUMN(G$9)+10)&":"&ADDRESS(1000,COLUMN(G$9)+10))) ))} -> 0 | H18: {=IF(ISBLANK(Tareas!$B14),"-", SUM( SUMIF(INDIRECT(Equipo!$C$4&"!B10:B1000"),$B18,INDIRECT(Equipo!$C$4&"!"&ADDRESS(10,COLUMN(H$9)+10)&":"&ADDRESS(1000,COLUMN(H$9)+10))), SUMIF(INDIRECT(Equipo!$D$4&"!B10:B1000"),$B18,INDIRECT(Equipo!$D$4&"!"&ADDRESS(10,COLUMN(H$9)+10)&":"&ADDRESS(1000,COLUMN(H$9)+10))), SUMIF(INDIRECT(Equipo!$E$4&"!B10:B1000"),$B18,INDIRECT(Equipo!$E$4&"!"&ADDRESS(10,COLUMN(H$9)+10)&":"&ADDRESS(1000,COLUMN(H$9)+10))), SUMIF(INDIRECT(Equipo!$F$4&"!B10:B1000"),$B18,INDIRECT(Equipo!$F$4&"!"&ADDRESS(10,COLUMN(H$9)+10)&":"&ADDRESS(1000,COLUMN(H$9)+10))), SUMIF(INDIRECT(Equipo!$G$4&"!B10:B1000"),$B18,INDIRECT(Equipo!$G$4&"!"&ADDRESS(10,COLUMN(H$9)+10)&":"&ADDRESS(1000,COLUMN(H$9)+10))) ))} -> 0 | I18: {=IF(ISBLANK(Tareas!$B14),"-", SUM( SUMIF(INDIRECT(Equipo!$C$4&"!B10:B1000"),$B18,INDIRECT(Equipo!$C$4&"!"&ADDRESS(10,COLUMN(I$9)+10)&":"&ADDRESS(1000,COLUMN(I$9)+10))), SUMIF(INDIRECT(Equipo!$D$4&"!B10:B1000"),$B18,INDIRECT(Equipo!$D$4&"!"&ADDRESS(10,COLUMN(I$9)+10)&":"&ADDRESS(1000,COLUMN(I$9)+10))), SUMIF(INDIRECT(Equipo!$E$4&"!B10:B1000"),$B18,INDIRECT(Equipo!$E$4&"!"&ADDRESS(10,COLUMN(I$9)+10)&":"&ADDRESS(1000,COLUMN(I$9)+10))), SUMIF(INDIRECT(Equipo!$F$4&"!B10:B1000"),$B18,INDIRECT(Equipo!$F$4&"!"&ADDRESS(10,COLUMN(I$9)+10)&":"&ADDRESS(1000,COLUMN(I$9)+10))), SUMIF(INDIRECT(Equipo!$G$4&"!B10:B1000"),$B18,INDIRECT(Equipo!$G$4&"!"&ADDRESS(10,COLUMN(I$9)+10)&":"&ADDRESS(1000,COLUMN(I$9)+10))) ))} -> 0 | J18: {=IF(ISBLANK(Tareas!$B14),"-", SUM( SUMIF(INDIRECT(Equipo!$C$4&"!B10:B1000"),$B18,INDIRECT(Equipo!$C$4&"!"&ADDRESS(10,COLUMN(J$9)+10)&":"&ADDRESS(1000,COLUMN(J$9)+10))), SUMIF(INDIRECT(Equipo!$D$4&"!B10:B1000"),$B18,INDIRECT(Equipo!$D$4&"!"&ADDRESS(10,COLUMN(J$9)+10)&":"&ADDRESS(1000,COLUMN(J$9)+10))), SUMIF(INDIRECT(Equipo!$E$4&"!B10:B1000"),$B18,INDIRECT(Equipo!$E$4&"!"&ADDRESS(10,COLUMN(J$9)+10)&":"&ADDRESS(1000,COLUMN(J$9)+10))), SUMIF(INDIRECT(Equipo!$F$4&"!B10:B1000"),$B18,INDIRECT(Equipo!$F$4&"!"&ADDRESS(10,COLUMN(J$9)+10)&":"&ADDRESS(1000,COLUMN(J$9)+10))), SUMIF(INDIRECT(Equipo!$G$4&"!B10:B1000"),$B18,INDIRECT(Equipo!$G$4&"!"&ADDRESS(10,COLUMN(J$9)+10)&":"&ADDRESS(1000,COLUMN(J$9)+10))) ))} -> 0 | K18: {=IF(ISBLANK(Tareas!$B14),"-", SUM( SUMIF(INDIRECT(Equipo!$C$4&"!B10:B1000"),$B18,INDIRECT(Equipo!$C$4&"!"&ADDRESS(10,COLUMN(K$9)+10)&":"&ADDRESS(1000,COLUMN(K$9)+10))), SUMIF(INDIRECT(Equipo!$D$4&"!B10:B1000"),$B18,INDIRECT(Equipo!$D$4&"!"&ADDRESS(10,COLUMN(K$9)+10)&":"&ADDRESS(1000,COLUMN(K$9)+10))), SUMIF(INDIRECT(Equipo!$E$4&"!B10:B1000"),$B18,INDIRECT(Equipo!$E$4&"!"&ADDRESS(10,COLUMN(K$9)+10)&":"&ADDRESS(1000,COLUMN(K$9)+10))), SUMIF(INDIRECT(Equipo!$F$4&"!B10:B1000"),$B18,INDIRECT(Equipo!$F$4&"!"&ADDRESS(10,COLUMN(K$9)+10)&":"&ADDRESS(1000,COLUMN(K$9)+10))), SUMIF(INDIRECT(Equipo!$G$4&"!B10:B1000"),$B18,INDIRECT(Equipo!$G$4&"!"&ADDRESS(10,COLUMN(K$9)+10)&":"&ADDRESS(1000,COLUMN(K$9)+10))) ))} -> 0
B19: =IF(ISBLANK(Tareas!B15)," - ",Tareas!B15) -> 10. Disposición del ERS en la línea base (GCS) | C19: =IF(ISBLANK(Tareas!$B15),"-",SUM(D19:M19)) -> 0.3 | D19: {=IF(ISBLANK(Tareas!$B15),"-", SUM( SUMIF(INDIRECT(Equipo!$C$4&"!B10:B1000"),$B19,INDIRECT(Equipo!$C$4&"!"&ADDRESS(10,COLUMN(D$9)+10)&":"&ADDRESS(1000,COLUMN(D$9)+10))), SUMIF(INDIRECT(Equipo!$D$4&"!B10:B1000"),$B19,INDIRECT(Equipo!$D$4&"!"&ADDRESS(10,COLUMN(D$9)+10)&":"&ADDRESS(1000,COLUMN(D$9)+10))), SUMIF(INDIRECT(Equipo!$E$4&"!B10:B1000"),$B19,INDIRECT(Equipo!$E$4&"!"&ADDRESS(10,COLUMN(D$9)+10)&":"&ADDRESS(1000,COLUMN(D$9)+10))), SUMIF(INDIRECT(Equipo!$F$4&"!B10:B1000"),$B19,INDIRECT(Equipo!$F$4&"!"&ADDRESS(10,COLUMN(D$9)+10)&":"&ADDRESS(1000,COLUMN(D$9)+10))), SUMIF(INDIRECT(Equipo!$G$4&"!B10:B1000"),$B19,INDIRECT(Equipo!$G$4&"!"&ADDRESS(10,COLUMN(D$9)+10)&":"&ADDRESS(1000,COLUMN(D$9)+10))) ))} -> 0 | E19: {=IF(ISBLANK(Tareas!$B15),"-", SUM( SUMIF(INDIRECT(Equipo!$C$4&"!B10:B1000"),$B19,INDIRECT(Equipo!$C$4&"!"&ADDRESS(10,COLUMN(E$9)+10)&":"&ADDRESS(1000,COLUMN(E$9)+10))), SUMIF(INDIRECT(Equipo!$D$4&"!B10:B1000"),$B19,INDIRECT(Equipo!$D$4&"!"&ADDRESS(10,COLUMN(E$9)+10)&":"&ADDRESS(1000,COLUMN(E$9)+10))), SUMIF(INDIRECT(Equipo!$E$4&"!B10:B1000"),$B19,INDIRECT(Equipo!$E$4&"!"&ADDRESS(10,COLUMN(E$9)+10)&":"&ADDRESS(1000,COLUMN(E$9)+10))), SUMIF(INDIRECT(Equipo!$F$4&"!B10:B1000"),$B19,INDIRECT(Equipo!$F$4&"!"&ADDRESS(10,COLUMN(E$9)+10)&":"&ADDRESS(1000,COLUMN(E$9)+10))), SUMIF(INDIRECT(Equipo!$G$4&"!B10:B1000"),$B19,INDIRECT(Equipo!$G$4&"!"&ADDRESS(10,COLUMN(E$9)+10)&":"&ADDRESS(1000,COLUMN(E$9)+10))) ))} -> 0 | F19: {=IF(ISBLANK(Tareas!$B15),"-", SUM( SUMIF(INDIRECT(Equipo!$C$4&"!B10:B1000"),$B19,INDIRECT(Equipo!$C$4&"!"&ADDRESS(10,COLUMN(F$9)+10)&":"&ADDRESS(1000,COLUMN(F$9)+10))), SUMIF(INDIRECT(Equipo!$D$4&"!B10:B1000"),$B19,INDIRECT(Equipo!$D$4&"!"&ADDRESS(10,COLUMN(F$9)+10)&":"&ADDRESS(1000,COLUMN(F$9)+10))), SUMIF(INDIRECT(Equipo!$E$4&"!B10:B1000"),$B19,INDIRECT(Equipo!$E$4&"!"&ADDRESS(10,COLUMN(F$9)+10)&":"&ADDRESS(1000,COLUMN(F$9)+10))), SUMIF(INDIRECT(Equipo!$F$4&"!B10:B1000"),$B19,INDIRECT(Equipo!$F$4&"!"&ADDRESS(10,COLUMN(F$9)+10)&":"&ADDRESS(1000,COLUMN(F$9)+10))), SUMIF(INDIRECT(Equipo!$G$4&"!B10:B1000"),$B19,INDIRECT(Equipo!$G$4&"!"&ADDRESS(10,COLUMN(F$9)+10)&":"&ADDRESS(1000,COLUMN(F$9)+10))) ))} -> 0.3 | G19: {=IF(ISBLANK(Tareas!$B15),"-", SUM( SUMIF(INDIRECT(Equipo!$C$4&"!B10:B1000"),$B19,INDIRECT(Equipo!$C$4&"!"&ADDRESS(10,COLUMN(G$9)+10)&":"&ADDRESS(1000,COLUMN(G$9)+10))), SUMIF(INDIRECT(Equipo!$D$4&"!B10:B1000"),$B19,INDIRECT(Equipo!$D$4&"!"&ADDRESS(10,COLUMN(G$9)+10)&":"&ADDRESS(1000,COLUMN(G$9)+10))), SUMIF(INDIRECT(Equipo!$E$4&"!B10:B1000"),$B19,INDIRECT(Equipo!$E$4&"!"&ADDRESS(10,COLUMN(G$9)+10)&":"&ADDRESS(1000,COLUMN(G$9)+10))), SUMIF(INDIRECT(Equipo!$F$4&"!B10:B1000"),$B19,INDIRECT(Equipo!$F$4&"!"&ADDRESS(10,COLUMN(G$9)+10)&":"&ADDRESS(1000,COLUMN(G$9)+10))), SUMIF(INDIRECT(Equipo!$G$4&"!B10:B1000"),$B19,INDIRECT(Equipo!$G$4&"!"&ADDRESS(10,COLUMN(G$9)+10)&":"&ADDRESS(1000,COLUMN(G$9)+10))) ))} -> 0 | H19: {=IF(ISBLANK(Tareas!$B15),"-", SUM( SUMIF(INDIRECT(Equipo!$C$4&"!B10:B1000"),$B19,INDIRECT(Equipo!$C$4&"!"&ADDRESS(10,COLUMN(H$9)+10)&":"&ADDRESS(1000,COLUMN(H$9)+10))), SUMIF(INDIRECT(Equipo!$D$4&"!B10:B1000"),$B19,INDIRECT(Equipo!$D$4&"!"&ADDRESS(10,COLUMN(H$9)+10)&":"&ADDRESS(1000,COLUMN(H$9)+10))), SUMIF(INDIRECT(Equipo!$E$4&"!B10:B1000"),$B19,INDIRECT(Equipo!$E$4&"!"&ADDRESS(10,COLUMN(H$9)+10)&":"&ADDRESS(1000,COLUMN(H$9)+10))), SUMIF(INDIRECT(Equipo!$F$4&"!B10:B1000"),$B19,INDIRECT(Equipo!$F$4&"!"&ADDRESS(10,COLUMN(H$9)+10)&":"&ADDRESS(1000,COLUMN(H$9)+10))), SUMIF(INDIRECT(Equipo!$G$4&"!B10:B1000"),$B19,INDIRECT(Equipo!$G$4&"!"&ADDRESS(10,COLUMN(H$9)+10)&":"&ADDRESS(1000,COLUMN(H$9)+10))) ))} -> 0 | I19: {=IF(ISBLANK(Tareas!$B15),"-", SUM( SUMIF(INDIRECT(Equipo!$C$4&"!B10:B1000"),$B19,INDIRECT(Equipo!$C$4&"!"&ADDRESS(10,COLUMN(I$9)+10)&":"&ADDRESS(1000,COLUMN(I$9)+10))), SUMIF(INDIRECT(Equipo!$D$4&"!B10:B1000"),$B19,INDIRECT(Equipo!$D$4&"!"&ADDRESS(10,COLUMN(I$9)+10)&":"&ADDRESS(1000,COLUMN(I$9)+10))), SUMIF(INDIRECT(Equipo!$E$4&"!B10:B1000"),$B19,INDIRECT(Equipo!$E$4&"!"&ADDRESS(10,COLUMN(I$9)+10)&":"&ADDRESS(1000,COLUMN(I$9)+10))), SUMIF(INDIRECT(Equipo!$F$4&"!B10:B1000"),$B19,INDIRECT(Equipo!$F$4&"!"&ADDRESS(10,COLUMN(I$9)+10)&":"&ADDRESS(1000,COLUMN(I$9)+10))), SUMIF(INDIRECT(Equipo!$G$4&"!B10:B1000"),$B19,INDIRECT(Equipo!$G$4&"!"&ADDRESS(10,COLUMN(I$9)+10)&":"&ADDRESS(1000,COLUMN(I$9)+10))) ))} -> 0 | J19: {=IF(ISBLANK(Tareas!$B15),"-", SUM( SUMIF(INDIRECT(Equipo!$C$4&"!B10:B1000"),$B19,INDIRECT(Equipo!$C$4&"!"&ADDRESS(10,COLUMN(J$9)+10)&":"&ADDRESS(1000,COLUMN(J$9)+10))), SUMIF(INDIRECT(Equipo!$D$4&"!B10:B1000"),$B19,INDIRECT(Equipo!$D$4&"!"&ADDRESS(10,COLUMN(J$9)+10)&":"&ADDRESS(1000,COLUMN(J$9)+10))), SUMIF(INDIRECT(Equipo!$E$4&"!B10:B1000"),$B19,INDIRECT(Equipo!$E$4&"!"&ADDRESS(10,COLUMN(J$9)+10)&":"&ADDRESS(1000,COLUMN(J$9)+10))), SUMIF(INDIRECT(Equipo!$F$4&"!B10:B1000"),$B19,INDIRECT(Equipo!$F$4&"!"&ADDRESS(10,COLUMN(J$9)+10)&":"&ADDRESS(1000,COLUMN(J$9)+10))), SUMIF(INDIRECT(Equipo!$G$4&"!B10:B1000"),$B19,INDIRECT(Equipo!$G$4&"!"&ADDRESS(10,COLUMN(J$9)+10)&":"&ADDRESS(1000,COLUMN(J$9)+10))) ))} -> 0 | K19: {=IF(ISBLANK(Tareas!$B15),"-", SUM( SUMIF(INDIRECT(Equipo!$C$4&"!B10:B1000"),$B19,INDIRECT(Equipo!$C$4&"!"&ADDRESS(10,COLUMN(K$9)+10)&":"&ADDRESS(1000,COLUMN(K$9)+10))), SUMIF(INDIRECT(Equipo!$D$4&"!B10:B1000"),$B19,INDIRECT(Equipo!$D$4&"!"&ADDRESS(10,COLUMN(K$9)+10)&":"&ADDRESS(1000,COLUMN(K$9)+10))), SUMIF(INDIRECT(Equipo!$E$4&"!B10:B1000"),$B19,INDIRECT(Equipo!$E$4&"!"&ADDRESS(10,COLUMN(K$9)+10)&":"&ADDRESS(1000,COLUMN(K$9)+10))), SUMIF(INDIRECT(Equipo!$F$4&"!B10:B1000"),$B19,INDIRECT(Equipo!$F$4&"!"&ADDRESS(10,COLUMN(K$9)+10)&":"&ADDRESS(1000,COLUMN(K$9)+10))), SUMIF(INDIRECT(Equipo!$G$4&"!B10:B1000"),$B19,INDIRECT(Equipo!$G$4&"!"&ADDRESS(10,COLUMN(K$9)+10)&":"&ADDRESS(1000,COLUMN(K$9)+10))) ))} -> 0
B20: =IF(ISBLANK(Tareas!B16)," - ",Tareas!B16) -> 11. Definición del plan para el ciclo de vida 1 | C20: =IF(ISBLANK(Tareas!$B16),"-",SUM(D20:M20)) -> 1.5 | D20: {=IF(ISBLANK(Tareas!$B16),"-", SUM( SUMIF(INDIRECT(Equipo!$C$4&"!B10:B1000"),$B20,INDIRECT(Equipo!$C$4&"!"&ADDRESS(10,COLUMN(D$9)+10)&":"&ADDRESS(1000,COLUMN(D$9)+10))), SUMIF(INDIRECT(Equipo!$D$4&"!B10:B1000"),$B20,INDIRECT(Equipo!$D$4&"!"&ADDRESS(10,COLUMN(D$9)+10)&":"&ADDRESS(1000,COLUMN(D$9)+10))), SUMIF(INDIRECT(Equipo!$E$4&"!B10:B1000"),$B20,INDIRECT(Equipo!$E$4&"!"&ADDRESS(10,COLUMN(D$9)+10)&":"&ADDRESS(1000,COLUMN(D$9)+10))), SUMIF(INDIRECT(Equipo!$F$4&"!B10:B1000"),$B20,INDIRECT(Equipo!$F$4&"!"&ADDRESS(10,COLUMN(D$9)+10)&":"&ADDRESS(1000,COLUMN(D$9)+10))), SUMIF(INDIRECT(Equipo!$G$4&"!B10:B1000"),$B20,INDIRECT(Equipo!$G$4&"!"&ADDRESS(10,COLUMN(D$9)+10)&":"&ADDRESS(1000,COLUMN(D$9)+10))) ))} -> 0 | E20: {=IF(ISBLANK(Tareas!$B16),"-", SUM( SUMIF(INDIRECT(Equipo!$C$4&"!B10:B1000"),$B20,INDIRECT(Equipo!$C$4&"!"&ADDRESS(10,COLUMN(E$9)+10)&":"&ADDRESS(1000,COLUMN(E$9)+10))), SUMIF(INDIRECT(Equipo!$D$4&"!B10:B1000"),$B20,INDIRECT(Equipo!$D$4&"!"&ADDRESS(10,COLUMN(E$9)+10)&":"&ADDRESS(1000,COLUMN(E$9)+10))), SUMIF(INDIRECT(Equipo!$E$4&"!B10:B1000"),$B20,INDIRECT(Equipo!$E$4&"!"&ADDRESS(10,COLUMN(E$9)+10)&":"&ADDRESS(1000,COLUMN(E$9)+10))), SUMIF(INDIRECT(Equipo!$F$4&"!B10:B1000"),$B20,INDIRECT(Equipo!$F$4&"!"&ADDRESS(10,COLUMN(E$9)+10)&":"&ADDRESS(1000,COLUMN(E$9)+10))), SUMIF(INDIRECT(Equipo!$G$4&"!B10:B1000"),$B20,INDIRECT(Equipo!$G$4&"!"&ADDRESS(10,COLUMN(E$9)+10)&":"&ADDRESS(1000,COLUMN(E$9)+10))) ))} -> 0 | F20: {=IF(ISBLANK(Tareas!$B16),"-", SUM( SUMIF(INDIRECT(Equipo!$C$4&"!B10:B1000"),$B20,INDIRECT(Equipo!$C$4&"!"&ADDRESS(10,COLUMN(F$9)+10)&":"&ADDRESS(1000,COLUMN(F$9)+10))), SUMIF(INDIRECT(Equipo!$D$4&"!B10:B1000"),$B20,INDIRECT(Equipo!$D$4&"!"&ADDRESS(10,COLUMN(F$9)+10)&":"&ADDRESS(1000,COLUMN(F$9)+10))), SUMIF(INDIRECT(Equipo!$E$4&"!B10:B1000"),$B20,INDIRECT(Equipo!$E$4&"!"&ADDRESS(10,COLUMN(F$9)+10)&":"&ADDRESS(1000,COLUMN(F$9)+10))), SUMIF(INDIRECT(Equipo!$F$4&"!B10:B1000"),$B20,INDIRECT(Equipo!$F$4&"!"&ADDRESS(10,COLUMN(F$9)+10)&":"&ADDRESS(1000,COLUMN(F$9)+10))), SUMIF(INDIRECT(Equipo!$G$4&"!B10:B1000"),$B20,INDIRECT(Equipo!$G$4&"!"&ADDRESS(10,COLUMN(F$9)+10)&":"&ADDRESS(1000,COLUMN(F$9)+10))) ))} -> 1.5 | G20: {=IF(ISBLANK(Tareas!$B16),"-", SUM( SUMIF(INDIRECT(Equipo!$C$4&"!B10:B1000"),$B20,INDIRECT(Equipo!$C$4&"!"&ADDRESS(10,COLUMN(G$9)+10)&":"&ADDRESS(1000,COLUMN(G$9)+10))), SUMIF(INDIRECT(Equipo!$D$4&"!B10:B1000"),$B20,INDIRECT(Equipo!$D$4&"!"&ADDRESS(10,COLUMN(G$9)+10)&":"&ADDRESS(1000,COLUMN(G$9)+10))), SUMIF(INDIRECT(Equipo!$E$4&"!B10:B1000"),$B20,INDIRECT(Equipo!$E$4&"!"&ADDRESS(10,COLUMN(G$9)+10)&":"&ADDRESS(1000,COLUMN(G$9)+10))), SUMIF(INDIRECT(Equipo!$F$4&"!B10:B1000"),$B20,INDIRECT(Equipo!$F$4&"!"&ADDRESS(10,COLUMN(G$9)+10)&":"&ADDRESS(1000,COLUMN(G$9)+10))), SUMIF(INDIRECT(Equipo!$G$4&"!B10:B1000"),$B20,INDIRECT(Equipo!$G$4&"!"&ADDRESS(10,COLUMN(G$9)+10)&":"&ADDRESS(1000,COLUMN(G$9)+10))) ))} -> 0 | H20: {=IF(ISBLANK(Tareas!$B16),"-", SUM( SUMIF(INDIRECT(Equipo!$C$4&"!B10:B1000"),$B20,INDIRECT(Equipo!$C$4&"!"&ADDRESS(10,COLUMN(H$9)+10)&":"&ADDRESS(1000,COLUMN(H$9)+10))), SUMIF(INDIRECT(Equipo!$D$4&"!B10:B1000"),$B20,INDIRECT(Equipo!$D$4&"!"&ADDRESS(10,COLUMN(H$9)+10)&":"&ADDRESS(1000,COLUMN(H$9)+10))), SUMIF(INDIRECT(Equipo!$E$4&"!B10:B1000"),$B20,INDIRECT(Equipo!$E$4&"!"&ADDRESS(10,COLUMN(H$9)+10)&":"&ADDRESS(1000,COLUMN(H$9)+10))), SUMIF(INDIRECT(Equipo!$F$4&"!B10:B1000"),$B20,INDIRECT(Equipo!$F$4&"!"&ADDRESS(10,COLUMN(H$9)+10)&":"&ADDRESS(1000,COLUMN(H$9)+10))), SUMIF(INDIRECT(Equipo!$G$4&"!B10:B1000"),$B20,INDIRECT(Equipo!$G$4&"!"&ADDRESS(10,COLUMN(H$9)+10)&":"&ADDRESS(1000,COLUMN(H$9)+10))) ))} -> 0 | I20: {=IF(ISBLANK(Tareas!$B16),"-", SUM( SUMIF(INDIRECT(Equipo!$C$4&"!B10:B1000"),$B20,INDIRECT(Equipo!$C$4&"!"&ADDRESS(10,COLUMN(I$9)+10)&":"&ADDRESS(1000,COLUMN(I$9)+10))), SUMIF(INDIRECT(Equipo!$D$4&"!B10:B1000"),$B20,INDIRECT(Equipo!$D$4&"!"&ADDRESS(10,COLUMN(I$9)+10)&":"&ADDRESS(1000,COLUMN(I$9)+10))), SUMIF(INDIRECT(Equipo!$E$4&"!B10:B1000"),$B20,INDIRECT(Equipo!$E$4&"!"&ADDRESS(10,COLUMN(I$9)+10)&":"&ADDRESS(1000,COLUMN(I$9)+10))), SUMIF(INDIRECT(Equipo!$F$4&"!B10:B1000"),$B20,INDIRECT(Equipo!$F$4&"!"&ADDRESS(10,COLUMN(I$9)+10)&":"&ADDRESS(1000,COLUMN(I$9)+10))), SUMIF(INDIRECT(Equipo!$G$4&"!B10:B1000"),$B20,INDIRECT(Equipo!$G$4&"!"&ADDRESS(10,COLUMN(I$9)+10)&":"&ADDRESS(1000,COLUMN(I$9)+10))) ))} -> 0 | J20: {=IF(ISBLANK(Tareas!$B16),"-", SUM( SUMIF(INDIRECT(Equipo!$C$4&"!B10:B1000"),$B20,INDIRECT(Equipo!$C$4&"!"&ADDRESS(10,COLUMN(J$9)+10)&":"&ADDRESS(1000,COLUMN(J$9)+10))), SUMIF(INDIRECT(Equipo!$D$4&"!B10:B1000"),$B20,INDIRECT(Equipo!$D$4&"!"&ADDRESS(10,COLUMN(J$9)+10)&":"&ADDRESS(1000,COLUMN(J$9)+10))), SUMIF(INDIRECT(Equipo!$E$4&"!B10:B1000"),$B20,INDIRECT(Equipo!$E$4&"!"&ADDRESS(10,COLUMN(J$9)+10)&":"&ADDRESS(1000,COLUMN(J$9)+10))), SUMIF(INDIRECT(Equipo!$F$4&"!B10:B1000"),$B20,INDIRECT(Equipo!$F$4&"!"&ADDRESS(10,COLUMN(J$9)+10)&":"&ADDRESS(1000,COLUMN(J$9)+10))), SUMIF(INDIRECT(Equipo!$G$4&"!B10:B1000"),$B20,INDIRECT(Equipo!$G$4&"!"&ADDRESS(10,COLUMN(J$9)+10)&":"&ADDRESS(1000,COLUMN(J$9)+10))) ))} -> 0 | K20: {=IF(ISBLANK(Tareas!$B16),"-", SUM( SUMIF(INDIRECT(Equipo!$C$4&"!B10:B1000"),$B20,INDIRECT(Equipo!$C$4&"!"&ADDRESS(10,COLUMN(K$9)+10)&":"&ADDRESS(1000,COLUMN(K$9)+10))), SUMIF(INDIRECT(Equipo!$D$4&"!B10:B1000"),$B20,INDIRECT(Equipo!$D$4&"!"&ADDRESS(10,COLUMN(K$9)+10)&":"&ADDRESS(1000,COLUMN(K$9)+10))), SUMIF(INDIRECT(Equipo!$E$4&"!B10:B1000"),$B20,INDIRECT(Equipo!$E$4&"!"&ADDRESS(10,COLUMN(K$9)+10)&":"&ADDRESS(1000,COLUMN(K$9)+10))), SUMIF(INDIRECT(Equipo!$F$4&"!B10:B1000"),$B20,INDIRECT(Equipo!$F$4&"!"&ADDRESS(10,COLUMN(K$9)+10)&":"&ADDRESS(1000,COLUMN(K$9)+10))), SUMIF(INDIRECT(Equipo!$G$4&"!B10:B1000"),$B20,INDIRECT(Equipo!$G$4&"!"&ADDRESS(10,COLUMN(K$9)+10)&":"&ADDRESS(1000,COLUMN(K$9)+10))) ))} -> 0
B21: =IF(ISBLANK(Tareas!B17)," - ",Tareas!B17) -> 12. Definición de los casos de uso y el modelo E/R | C21: =IF(ISBLANK(Tareas!$B17),"-",SUM(D21:M21)) -> 2 | D21: {=IF(ISBLANK(Tareas!$B17),"-", SUM( SUMIF(INDIRECT(Equipo!$C$4&"!B10:B1000"),$B21,INDIRECT(Equipo!$C$4&"!"&ADDRESS(10,COLUMN(D$9)+10)&":"&ADDRESS(1000,COLUMN(D$9)+10))), SUMIF(INDIRECT(Equipo!$D$4&"!B10:B1000"),$B21,INDIRECT(Equipo!$D$4&"!"&ADDRESS(10,COLUMN(D$9)+10)&":"&ADDRESS(1000,COLUMN(D$9)+10))), SUMIF(INDIRECT(Equipo!$E$4&"!B10:B1000"),$B21,INDIRECT(Equipo!$E$4&"!"&ADDRESS(10,COLUMN(D$9)+10)&":"&ADDRESS(1000,COLUMN(D$9)+10))), SUMIF(INDIRECT(Equipo!$F$4&"!B10:B1000"),$B21,INDIRECT(Equipo!$F$4&"!"&ADDRESS(10,COLUMN(D$9)+10)&":"&ADDRESS(1000,COLUMN(D$9)+10))), SUMIF(INDIRECT(Equipo!$G$4&"!B10:B1000"),$B21,INDIRECT(Equipo!$G$4&"!"&ADDRESS(10,COLUMN(D$9)+10)&":"&ADDRESS(1000,COLUMN(D$9)+10))) ))} -> 0 | E21: {=IF(ISBLANK(Tareas!$B17),"-", SUM( SUMIF(INDIRECT(Equipo!$C$4&"!B10:B1000"),$B21,INDIRECT(Equipo!$C$4&"!"&ADDRESS(10,COLUMN(E$9)+10)&":"&ADDRESS(1000,COLUMN(E$9)+10))), SUMIF(INDIRECT(Equipo!$D$4&"!B10:B1000"),$B21,INDIRECT(Equipo!$D$4&"!"&ADDRESS(10,COLUMN(E$9)+10)&":"&ADDRESS(1000,COLUMN(E$9)+10))), SUMIF(INDIRECT(Equipo!$E$4&"!B10:B1000"),$B21,INDIRECT(Equipo!$E$4&"!"&ADDRESS(10,COLUMN(E$9)+10)&":"&ADDRESS(1000,COLUMN(E$9)+10))), SUMIF(INDIRECT(Equipo!$F$4&"!B10:B1000"),$B21,INDIRECT(Equipo!$F$4&"!"&ADDRESS(10,COLUMN(E$9)+10)&":"&ADDRESS(1000,COLUMN(E$9)+10))), SUMIF(INDIRECT(Equipo!$G$4&"!B10:B1000"),$B21,INDIRECT(Equipo!$G$4&"!"&ADDRESS(10,COLUMN(E$9)+10)&":"&ADDRESS(1000,COLUMN(E$9)+10))) ))} -> 0 | F21: {=IF(ISBLANK(Tareas!$B17),"-", SUM( SUMIF(INDIRECT(Equipo!$C$4&"!B10:B1000"),$B21,INDIRECT(Equipo!$C$4&"!"&ADDRESS(10,COLUMN(F$9)+10)&":"&ADDRESS(1000,COLUMN(F$9)+10))), SUMIF(INDIRECT(Equipo!$D$4&"!B10:B1000"),$B21,INDIRECT(Equipo!$D$4&"!"&ADDRESS(10,COLUMN(F$9)+10)&":"&ADDRESS(1000,COLUMN(F$9)+10))), SUMIF(INDIRECT(Equipo!$E$4&"!B10:B1000"),$B21,INDIRECT(Equipo!$E$4&"!"&ADDRESS(10,COLUMN(F$9)+10)&":"&ADDRESS(1000,COLUMN(F$9)+10))), SUMIF(INDIRECT(Equipo!$F$4&"!B10:B1000"),$B21,INDIRECT(Equipo!$F$4&"!"&ADDRESS(10,COLUMN(F$9)+10)&":"&ADDRESS(1000,COLUMN(F$9)+10))), SUMIF(INDIRECT(Equipo!$G$4&"!B10:B1000"),$B21,INDIRECT(Equipo!$G$4&"!"&ADDRESS(10,COLUMN(F$9)+10)&":"&ADDRESS(1000,COLUMN(F$9)+10))) ))} -> 2 | G21: {=IF(ISBLANK(Tareas!$B17),"-", SUM( SUMIF(INDIRECT(Equipo!$C$4&"!B10:B1000"),$B21,INDIRECT(Equipo!$C$4&"!"&ADDRESS(10,COLUMN(G$9)+10)&":"&ADDRESS(1000,COLUMN(G$9)+10))), SUMIF(INDIRECT(Equipo!$D$4&"!B10:B1000"),$B21,INDIRECT(Equipo!$D$4&"!"&ADDRESS(10,COLUMN(G$9)+10)&":"&ADDRESS(1000,COLUMN(G$9)+10))), SUMIF(INDIRECT(Equipo!$E$4&"!B10:B1000"),$B21,INDIRECT(Equipo!$E$4&"!"&ADDRESS(10,COLUMN(G$9)+10)&":"&ADDRESS(1000,COLUMN(G$9)+10))), SUMIF(INDIRECT(Equipo!$F$4&"!B10:B1000"),$B21,INDIRECT(Equipo!$F$4&"!"&ADDRESS(10,COLUMN(G$9)+10)&":"&ADDRESS(1000,COLUMN(G$9)+10))), SUMIF(INDIRECT(Equipo!$G$4&"!B10:B1000"),$B21,INDIRECT(Equipo!$G$4&"!"&ADDRESS(10,COLUMN(G$9)+10)&":"&ADDRESS(1000,COLUMN(G$9)+10))) ))} -> 0 | H21: {=IF(ISBLANK(Tareas!$B17),"-", SUM( SUMIF(INDIRECT(Equipo!$C$4&"!B10:B1000"),$B21,INDIRECT(Equipo!$C$4&"!"&ADDRESS(10,COLUMN(H$9)+10)&":"&ADDRESS(1000,COLUMN(H$9)+10))), SUMIF(INDIRECT(Equipo!$D$4&"!B10:B1000"),$B21,INDIRECT(Equipo!$D$4&"!"&ADDRESS(10,COLUMN(H$9)+10)&":"&ADDRESS(1000,COLUMN(H$9)+10))), SUMIF(INDIRECT(Equipo!$E$4&"!B10:B1000"),$B21,INDIRECT(Equipo!$E$4&"!"&ADDRESS(10,COLUMN(H$9)+10)&":"&ADDRESS(1000,COLUMN(H$9)+10))), SUMIF(INDIRECT(Equipo!$F$4&"!B10:B1000"),$B21,INDIRECT(Equipo!$F$4&"!"&ADDRESS(10,COLUMN(H$9)+10)&":"&ADDRESS(1000,COLUMN(H$9)+10))), SUMIF(INDIRECT(Equipo!$G$4&"!B10:B1000"),$B21,INDIRECT(Equipo!$G$4&"!"&ADDRESS(10,COLUMN(H$9)+10)&":"&ADDRESS(1000,COLUMN(H$9)+10))) ))} -> 0 | I21: {=IF(ISBLANK(Tareas!$B17),"-", SUM( SUMIF(INDIRECT(Equipo!$C$4&"!B10:B1000"),$B21,INDIRECT(Equipo!$C$4&"!"&ADDRESS(10,COLUMN(I$9)+10)&":"&ADDRESS(1000,COLUMN(I$9)+10))), SUMIF(INDIRECT(Equipo!$D$4&"!B10:B1000"),$B21,INDIRECT(Equipo!$D$4&"!"&ADDRESS(10,COLUMN(I$9)+10)&":"&ADDRESS(1000,COLUMN(I$9)+10))), SUMIF(INDIRECT(Equipo!$E$4&"!B10:B1000"),$B21,INDIRECT(Equipo!$E$4&"!"&ADDRESS(10,COLUMN(I$9)+10)&":"&ADDRESS(1000,COLUMN(I$9)+10))), SUMIF(INDIRECT(Equipo!$F$4&"!B10:B1000"),$B21,INDIRECT(Equipo!$F$4&"!"&ADDRESS(10,COLUMN(I$9)+10)&":"&ADDRESS(1000,COLUMN(I$9)+10))), SUMIF(INDIRECT(Equipo!$G$4&"!B10:B1000"),$B21,INDIRECT(Equipo!$G$4&"!"&ADDRESS(10,COLUMN(I$9)+10)&":"&ADDRESS(1000,COLUMN(I$9)+10))) ))} -> 0 | J21: {=IF(ISBLANK(Tareas!$B17),"-", SUM( SUMIF(INDIRECT(Equipo!$C$4&"!B10:B1000"),$B21,INDIRECT(Equipo!$C$4&"!"&ADDRESS(10,COLUMN(J$9)+10)&":"&ADDRESS(1000,COLUMN(J$9)+10))), SUMIF(INDIRECT(Equipo!$D$4&"!B10:B1000"),$B21,INDIRECT(Equipo!$D$4&"!"&ADDRESS(10,COLUMN(J$9)+10)&":"&ADDRESS(1000,COLUMN(J$9)+10))), SUMIF(INDIRECT(Equipo!$E$4&"!B10:B1000"),$B21,INDIRECT(Equipo!$E$4&"!"&ADDRESS(10,COLUMN(J$9)+10)&":"&ADDRESS(1000,COLUMN(J$9)+10))), SUMIF(INDIRECT(Equipo!$F$4&"!B10:B1000"),$B21,INDIRECT(Equipo!$F$4&"!"&ADDRESS(10,COLUMN(J$9)+10)&":"&ADDRESS(1000,COLUMN(J$9)+10))), SUMIF(INDIRECT(Equipo!$G$4&"!B10:B1000"),$B21,INDIRECT(Equipo!$G$4&"!"&ADDRESS(10,COLUMN(J$9)+10)&":"&ADDRESS(1000,COLUMN(J$9)+10))) ))} -> 0 | K21: {=IF(ISBLANK(Tareas!$B17),"-", SUM( SUMIF(INDIRECT(Equipo!$C$4&"!B10:B1000"),$B21,INDIRECT(Equipo!$C$4&"!"&ADDRESS(10,COLUMN(K$9)+10)&":"&ADDRESS(1000,COLUMN(K$9)+10))), SUMIF(INDIRECT(Equipo!$D$4&"!B10:B1000"),$B21,INDIRECT(Equipo!$D$4&"!"&ADDRESS(10,COLUMN(K$9)+10)&":"&ADDRESS(1000,COLUMN(K$9)+10))), SUMIF(INDIRECT(Equipo!$E$4&"!B10:B1000"),$B21,INDIRECT(Equipo!$E$4&"!"&ADDRESS(10,COLUMN(K$9)+10)&":"&ADDRESS(1000,COLUMN(K$9)+10))), SUMIF(INDIRECT(Equipo!$F$4&"!B10:B1000"),$B21,INDIRECT(Equipo!$F$4&"!"&ADDRESS(10,COLUMN(K$9)+10)&":"&ADDRESS(1000,COLUMN(K$9)+10))), SUMIF(INDIRECT(Equipo!$G$4&"!B10:B1000"),$B21,INDIRECT(Equipo!$G$4&"!"&ADDRESS(10,COLUMN(K$9)+10)&":"&ADDRESS(1000,COLUMN(K$9)+10))) ))} -> 0
... B62: =IF(ISBLANK(Tareas!B58)," - ",Tareas!B58) -> 53. Entrega del ciclo de vida | C62: =IF(ISBLANK(Tareas!$B58),"-",SUM(D62:M62)) -> 0.8 | D62: {=IF(ISBLANK(Tareas!$B58),"-", SUM( SUMIF(INDIRECT(Equipo!$C$4&"!B10:B1000"),$B62,INDIRECT(Equipo!$C$4&"!"&ADDRESS(10,COLUMN(D$9)+10)&":"&ADDRESS(1000,COLUMN(D$9)+10))), SUMIF(INDIRECT(Equipo!$D$4&"!B10:B1000"),$B62,INDIRECT(Equipo!$D$4&"!"&ADDRESS(10,COLUMN(D$9)+10)&":"&ADDRESS(1000,COLUMN(D$9)+10))), SUMIF(INDIRECT(Equipo!$E$4&"!B10:B1000"),$B62,INDIRECT(Equipo!$E$4&"!"&ADDRESS(10,COLUMN(D$9)+10)&":"&ADDRESS(1000,COLUMN(D$9)+10))), SUMIF(INDIRECT(Equipo!$F$4&"!B10:B1000"),$B62,INDIRECT(Equipo!$F$4&"!"&ADDRESS(10,COLUMN(D$9)+10)&":"&ADDRESS(1000,COLUMN(D$9)+10))), SUMIF(INDIRECT(Equipo!$G$4&"!B10:B1000"),$B62,INDIRECT(Equipo!$G$4&"!"&ADDRESS(10,COLUMN(D$9)+10)&":"&ADDRESS(1000,COLUMN(D$9)+10))) ))} -> 0 | E62: {=IF(ISBLANK(Tareas!$B58),"-", SUM( SUMIF(INDIRECT(Equipo!$C$4&"!B10:B1000"),$B62,INDIRECT(Equipo!$C$4&"!"&ADDRESS(10,COLUMN(E$9)+10)&":"&ADDRESS(1000,COLUMN(E$9)+10))), SUMIF(INDIRECT(Equipo!$D$4&"!B10:B1000"),$B62,INDIRECT(Equipo!$D$4&"!"&ADDRESS(10,COLUMN(E$9)+10)&":"&ADDRESS(1000,COLUMN(E$9)+10))), SUMIF(INDIRECT(Equipo!$E$4&"!B10:B1000"),$B62,INDIRECT(Equipo!$E$4&"!"&ADDRESS(10,COLUMN(E$9)+10)&":"&ADDRESS(1000,COLUMN(E$9)+10))), SUMIF(INDIRECT(Equipo!$F$4&"!B10:B1000"),$B62,INDIRECT(Equipo!$F$4&"!"&ADDRESS(10,COLUMN(E$9)+10)&":"&ADDRESS(1000,COLUMN(E$9)+10))), SUMIF(INDIRECT(Equipo!$G$4&"!B10:B1000"),$B62,INDIRECT(Equipo!$G$4&"!"&ADDRESS(10,COLUMN(E$9)+10)&":"&ADDRESS(1000,COLUMN(E$9)+10))) ))} -> 0 | F62: {=IF(ISBLANK(Tareas!$B58),"-", SUM( SUMIF(INDIRECT(Equipo!$C$4&"!B10:B1000"),$B62,INDIRECT(Equipo!$C$4&"!"&ADDRESS(10,COLUMN(F$9)+10)&":"&ADDRESS(1000,COLUMN(F$9)+10))), SUMIF(INDIRECT(Equipo!$D$4&"!B10:B1000"),$B62,INDIRECT(Equipo!$D$4&"!"&ADDRESS(10,COLUMN(F$9)+10)&":"&ADDRESS(1000,COLUMN(F$9)+10))), SUMIF(INDIRECT(Equipo!$E$4&"!B10:B1000"),$B62,INDIRECT(Equipo!$E$4&"!"&ADDRESS(10,COLUMN(F$9)+10)&":"&ADDRESS(1000,COLUMN(F$9)+10))), SUMIF(INDIRECT(Equipo!$F$4&"!B10:B1000"),$B62,INDIRECT(Equipo!$F$4&"!"&ADDRESS(10,COLUMN(F$9)+10)&":"&ADDRESS(1000,COLUMN(F$9)+10))), SUMIF(INDIRECT(Equipo!$G$4&"!B10:B1000"),$B62,INDIRECT(Equipo!$G$4&"!"&ADDRESS(10,COLUMN(F$9)+10)&":"&ADDRESS(1000,COLUMN(F$9)+10))) ))} -> 0 | G62: {=IF(ISBLANK(Tareas!$B58),"-", SUM( SUMIF(INDIRECT(Equipo!$C$4&"!B10:B1000"),$B62,INDIRECT(Equipo!$C$4&"!"&ADDRESS(10,COLUMN(G$9)+10)&":"&ADDRESS(1000,COLUMN(G$9)+10))), SUMIF(INDIRECT(Equipo!$D$4&"!B10:B1000"),$B62,INDIRECT(Equipo!$D$4&"!"&ADDRESS(10,COLUMN(G$9)+10)&":"&ADDRESS(1000,COLUMN(G$9)+10))), SUMIF(INDIRECT(Equipo!$E$4&"!B10:B1000"),$B62,INDIRECT(Equipo!$E$4&"!"&ADDRESS(10,COLUMN(G$9)+10)&":"&ADDRESS(1000,COLUMN(G$9)+10))), SUMIF(INDIRECT(Equipo!$F$4&"!B10:B1000"),$B62,INDIRECT(Equipo!$F$4&"!"&ADDRESS(10,COLUMN(G$9)+10)&":"&ADDRESS(1000,COLUMN(G$9)+10))), SUMIF(INDIRECT(Equipo!$G$4&"!B10:B1000"),$B62,INDIRECT(Equipo!$G$4&"!"&ADDRESS(10,COLUMN(G$9)+10)&":"&ADDRESS(1000,COLUMN(G$9)+10))) ))} -> 0 | H62: {=IF(ISBLANK(Tareas!$B58),"-", SUM( SUMIF(INDIRECT(Equipo!$C$4&"!B10:B1000"),$B62,INDIRECT(Equipo!$C$4&"!"&ADDRESS(10,COLUMN(H$9)+10)&":"&ADDRESS(1000,COLUMN(H$9)+10))), SUMIF(INDIRECT(Equipo!$D$4&"!B10:B1000"),$B62,INDIRECT(Equipo!$D$4&"!"&ADDRESS(10,COLUMN(H$9)+10)&":"&ADDRESS(1000,COLUMN(H$9)+10))), SUMIF(INDIRECT(Equipo!$E$4&"!B10:B1000"),$B62,INDIRECT(Equipo!$E$4&"!"&ADDRESS(10,COLUMN(H$9)+10)&":"&ADDRESS(1000,COLUMN(H$9)+10))), SUMIF(INDIRECT(Equipo!$F$4&"!B10:B1000"),$B62,INDIRECT(Equipo!$F$4&"!"&ADDRESS(10,COLUMN(H$9)+10)&":"&ADDRESS(1000,COLUMN(H$9)+10))), SUMIF(INDIRECT(Equipo!$G$4&"!B10:B1000"),$B62,INDIRECT(Equipo!$G$4&"!"&ADDRESS(10,COLUMN(H$9)+10)&":"&ADDRESS(1000,COLUMN(H$9)+10))) ))} -> 0 | I62: {=IF(ISBLANK(Tareas!$B58),"-", SUM( SUMIF(INDIRECT(Equipo!$C$4&"!B10:B1000"),$B62,INDIRECT(Equipo!$C$4&"!"&ADDRESS(10,COLUMN(I$9)+10)&":"&ADDRESS(1000,COLUMN(I$9)+10))), SUMIF(INDIRECT(Equipo!$D$4&"!B10:B1000"),$B62,INDIRECT(Equipo!$D$4&"!"&ADDRESS(10,COLUMN(I$9)+10)&":"&ADDRESS(1000,COLUMN(I$9)+10))), SUMIF(INDIRECT(Equipo!$E$4&"!B10:B1000"),$B62,INDIRECT(Equipo!$E$4&"!"&ADDRESS(10,COLUMN(I$9)+10)&":"&ADDRESS(1000,COLUMN(I$9)+10))), SUMIF(INDIRECT(Equipo!$F$4&"!B10:B1000"),$B62,INDIRECT(Equipo!$F$4&"!"&ADDRESS(10,COLUMN(I$9)+10)&":"&ADDRESS(1000,COLUMN(I$9)+10))), SUMIF(INDIRECT(Equipo!$G$4&"!B10:B1000"),$B62,INDIRECT(Equipo!$G$4&"!"&ADDRESS(10,COLUMN(I$9)+10)&":"&ADDRESS(1000,COLUMN(I$9)+10))) ))} -> 0 | J62: {=IF(ISBLANK(Tareas!$B58),"-", SUM( SUMIF(INDIRECT(Equipo!$C$4&"!B10:B1000"),$B62,INDIRECT(Equipo!$C$4&"!"&ADDRESS(10,COLUMN(J$9)+10)&":"&ADDRESS(1000,COLUMN(J$9)+10))), SUMIF(INDIRECT(Equipo!$D$4&"!B10:B1000"),$B62,INDIRECT(Equipo!$D$4&"!"&ADDRESS(10,COLUMN(J$9)+10)&":"&ADDRESS(1000,COLUMN(J$9)+10))), SUMIF(INDIRECT(Equipo!$E$4&"!B10:B1000"),$B62,INDIRECT(Equipo!$E$4&"!"&ADDRESS(10,COLUMN(J$9)+10)&":"&ADDRESS(1000,COLUMN(J$9)+10))), SUMIF(INDIRECT(Equipo!$F$4&"!B10:B1000"),$B62,INDIRECT(Equipo!$F$4&"!"&ADDRESS(10,COLUMN(J$9)+10)&":"&ADDRESS(1000,COLUMN(J$9)+10))), SUMIF(INDIRECT(Equipo!$G$4&"!B10:B1000"),$B62,INDIRECT(Equipo!$G$4&"!"&ADDRESS(10,COLUMN(J$9)+10)&":"&ADDRESS(1000,COLUMN(J$9)+10))) ))} -> 0 | K62: {=IF(ISBLANK(Tareas!$B58),"-", SUM( SUMIF(INDIRECT(Equipo!$C$4&"!B10:B1000"),$B62,INDIRECT(Equipo!$C$4&"!"&ADDRESS(10,COLUMN(K$9)+10)&":"&ADDRESS(1000,COLUMN(K$9)+10))), SUMIF(INDIRECT(Equipo!$D$4&"!B10:B1000"),$B62,INDIRECT(Equipo!$D$4&"!"&ADDRESS(10,COLUMN(K$9)+10)&":"&ADDRESS(1000,COLUMN(K$9)+10))), SUMIF(INDIRECT(Equipo!$E$4&"!B10:B1000"),$B62,INDIRECT(Equipo!$E$4&"!"&ADDRESS(10,COLUMN(K$9)+10)&":"&ADDRESS(1000,COLUMN(K$9)+10))), SUMIF(INDIRECT(Equipo!$F$4&"!B10:B1000"),$B62,INDIRECT(Equipo!$F$4&"!"&ADDRESS(10,COLUMN(K$9)+10)&":"&ADDRESS(1000,COLUMN(K$9)+10))), SUMIF(INDIRECT(Equipo!$G$4&"!B10:B1000"),$B62,INDIRECT(Equipo!$G$4&"!"&ADDRESS(10,COLUMN(K$9)+10)&":"&ADDRESS(1000,COLUMN(K$9)+10))) ))} -> 0.8
B63: =IF(ISBLANK(Tareas!B59)," - ",Tareas!B59) -> - | C63: =IF(ISBLANK(Tareas!$B59),"-",SUM(D63:K63)) -> - | D63: {=IF(ISBLANK(Tareas!$B59),"-", SUM( SUMIF(INDIRECT(Equipo!$C$4&"!B10:B1000"),$B63,INDIRECT(Equipo!$C$4&"!"&ADDRESS(10,COLUMN(D$9)+10)&":"&ADDRESS(1000,COLUMN(D$9)+10))), SUMIF(INDIRECT(Equipo!$D$4&"!B10:B1000"),$B63,INDIRECT(Equipo!$D$4&"!"&ADDRESS(10,COLUMN(D$9)+10)&":"&ADDRESS(1000,COLUMN(D$9)+10))), SUMIF(INDIRECT(Equipo!$E$4&"!B10:B1000"),$B63,INDIRECT(Equipo!$E$4&"!"&ADDRESS(10,COLUMN(D$9)+10)&":"&ADDRESS(1000,COLUMN(D$9)+10))), SUMIF(INDIRECT(Equipo!$F$4&"!B10:B1000"),$B63,INDIRECT(Equipo!$F$4&"!"&ADDRESS(10,COLUMN(D$9)+10)&":"&ADDRESS(1000,COLUMN(D$9)+10))), SUMIF(INDIRECT(Equipo!$G$4&"!B10:B1000"),$B63,INDIRECT(Equipo!$G$4&"!"&ADDRESS(10,COLUMN(D$9)+10)&":"&ADDRESS(1000,COLUMN(D$9)+10))) ))} -> - | E63: {=IF(ISBLANK(Tareas!$B59),"-", SUM( SUMIF(INDIRECT(Equipo!$C$4&"!B10:B1000"),$B63,INDIRECT(Equipo!$C$4&"!"&ADDRESS(10,COLUMN(E$9)+10)&":"&ADDRESS(1000,COLUMN(E$9)+10))), SUMIF(INDIRECT(Equipo!$D$4&"!B10:B1000"),$B63,INDIRECT(Equipo!$D$4&"!"&ADDRESS(10,COLUMN(E$9)+10)&":"&ADDRESS(1000,COLUMN(E$9)+10))), SUMIF(INDIRECT(Equipo!$E$4&"!B10:B1000"),$B63,INDIRECT(Equipo!$E$4&"!"&ADDRESS(10,COLUMN(E$9)+10)&":"&ADDRESS(1000,COLUMN(E$9)+10))), SUMIF(INDIRECT(Equipo!$F$4&"!B10:B1000"),$B63,INDIRECT(Equipo!$F$4&"!"&ADDRESS(10,COLUMN(E$9)+10)&":"&ADDRESS(1000,COLUMN(E$9)+10))), SUMIF(INDIRECT(Equipo!$G$4&"!B10:B1000"),$B63,INDIRECT(Equipo!$G$4&"!"&ADDRESS(10,COLUMN(E$9)+10)&":"&ADDRESS(1000,COLUMN(E$9)+10))) ))} -> - | F63: {=IF(ISBLANK(Tareas!$B59),"-", SUM( SUMIF(INDIRECT(Equipo!$C$4&"!B10:B1000"),$B63,INDIRECT(Equipo!$C$4&"!"&ADDRESS(10,COLUMN(F$9)+10)&":"&ADDRESS(1000,COLUMN(F$9)+10))), SUMIF(INDIRECT(Equipo!$D$4&"!B10:B1000"),$B63,INDIRECT(Equipo!$D$4&"!"&ADDRESS(10,COLUMN(F$9)+10)&":"&ADDRESS(1000,COLUMN(F$9)+10))), SUMIF(INDIRECT(Equipo!$E$4&"!B10:B1000"),$B63,INDIRECT(Equipo!$E$4&"!"&ADDRESS(10,COLUMN(F$9)+10)&":"&ADDRESS(1000,COLUMN(F$9)+10))), SUMIF(INDIRECT(Equipo!$F$4&"!B10:B1000"),$B63,INDIRECT(Equipo!$F$4&"!"&ADDRESS(10,COLUMN(F$9)+10)&":"&ADDRESS(1000,COLUMN(F$9)+10))), SUMIF(INDIRECT(Equipo!$G$4&"!B10:B1000"),$B63,INDIRECT(Equipo!$G$4&"!"&ADDRESS(10,COLUMN(F$9)+10)&":"&ADDRESS(1000,COLUMN(F$9)+10))) ))} -> - | G63: {=IF(ISBLANK(Tareas!$B59),"-", SUM( SUMIF(INDIRECT(Equipo!$C$4&"!B10:B1000"),$B63,INDIRECT(Equipo!$C$4&"!"&ADDRESS(10,COLUMN(G$9)+10)&":"&ADDRESS(1000,COLUMN(G$9)+10))), SUMIF(INDIRECT(Equipo!$D$4&"!B10:B1000"),$B63,INDIRECT(Equipo!$D$4&"!"&ADDRESS(10,COLUMN(G$9)+10)&":"&ADDRESS(1000,COLUMN(G$9)+10))), SUMIF(INDIRECT(Equipo!$E$4&"!B10:B1000"),$B63,INDIRECT(Equipo!$E$4&"!"&ADDRESS(10,COLUMN(G$9)+10)&":"&ADDRESS(1000,COLUMN(G$9)+10))), SUMIF(INDIRECT(Equipo!$F$4&"!B10:B1000"),$B63,INDIRECT(Equipo!$F$4&"!"&ADDRESS(10,COLUMN(G$9)+10)&":"&ADDRESS(1000,COLUMN(G$9)+10))), SUMIF(INDIRECT(Equipo!$G$4&"!B10:B1000"),$B63,INDIRECT(Equipo!$G$4&"!"&ADDRESS(10,COLUMN(G$9)+10)&":"&ADDRESS(1000,COLUMN(G$9)+10))) ))} -> - | H63: {=IF(ISBLANK(Tareas!$B59),"-", SUM( SUMIF(INDIRECT(Equipo!$C$4&"!B10:B1000"),$B63,INDIRECT(Equipo!$C$4&"!"&ADDRESS(10,COLUMN(H$9)+10)&":"&ADDRESS(1000,COLUMN(H$9)+10))), SUMIF(INDIRECT(Equipo!$D$4&"!B10:B1000"),$B63,INDIRECT(Equipo!$D$4&"!"&ADDRESS(10,COLUMN(H$9)+10)&":"&ADDRESS(1000,COLUMN(H$9)+10))), SUMIF(INDIRECT(Equipo!$E$4&"!B10:B1000"),$B63,INDIRECT(Equipo!$E$4&"!"&ADDRESS(10,COLUMN(H$9)+10)&":"&ADDRESS(1000,COLUMN(H$9)+10))), SUMIF(INDIRECT(Equipo!$F$4&"!B10:B1000"),$B63,INDIRECT(Equipo!$F$4&"!"&ADDRESS(10,COLUMN(H$9)+10)&":"&ADDRESS(1000,COLUMN(H$9)+10))), SUMIF(INDIRECT(Equipo!$G$4&"!B10:B1000"),$B63,INDIRECT(Equipo!$G$4&"!"&ADDRESS(10,COLUMN(H$9)+10)&":"&ADDRESS(1000,COLUMN(H$9)+10))) ))} -> - | I63: {=IF(ISBLANK(Tareas!$B59),"-", SUM( SUMIF(INDIRECT(Equipo!$C$4&"!B10:B1000"),$B63,INDIRECT(Equipo!$C$4&"!"&ADDRESS(10,COLUMN(I$9)+10)&":"&ADDRESS(1000,COLUMN(I$9)+10))), SUMIF(INDIRECT(Equipo!$D$4&"!B10:B1000"),$B63,INDIRECT(Equipo!$D$4&"!"&ADDRESS(10,COLUMN(I$9)+10)&":"&ADDRESS(1000,COLUMN(I$9)+10))), SUMIF(INDIRECT(Equipo!$E$4&"!B10:B1000"),$B63,INDIRECT(Equipo!$E$4&"!"&ADDRESS(10,COLUMN(I$9)+10)&":"&ADDRESS(1000,COLUMN(I$9)+10))), SUMIF(INDIRECT(Equipo!$F$4&"!B10:B1000"),$B63,INDIRECT(Equipo!$F$4&"!"&ADDRESS(10,COLUMN(I$9)+10)&":"&ADDRESS(1000,COLUMN(I$9)+10))), SUMIF(INDIRECT(Equipo!$G$4&"!B10:B1000"),$B63,INDIRECT(Equipo!$G$4&"!"&ADDRESS(10,COLUMN(I$9)+10)&":"&ADDRESS(1000,COLUMN(I$9)+10))) ))} -> - | J63: {=IF(ISBLANK(Tareas!$B59),"-", SUM( SUMIF(INDIRECT(Equipo!$C$4&"!B10:B1000"),$B63,INDIRECT(Equipo!$C$4&"!"&ADDRESS(10,COLUMN(J$9)+10)&":"&ADDRESS(1000,COLUMN(J$9)+10))), SUMIF(INDIRECT(Equipo!$D$4&"!B10:B1000"),$B63,INDIRECT(Equipo!$D$4&"!"&ADDRESS(10,COLUMN(J$9)+10)&":"&ADDRESS(1000,COLUMN(J$9)+10))), SUMIF(INDIRECT(Equipo!$E$4&"!B10:B1000"),$B63,INDIRECT(Equipo!$E$4&"!"&ADDRESS(10,COLUMN(J$9)+10)&":"&ADDRESS(1000,COLUMN(J$9)+10))), SUMIF(INDIRECT(Equipo!$F$4&"!B10:B1000"),$B63,INDIRECT(Equipo!$F$4&"!"&ADDRESS(10,COLUMN(J$9)+10)&":"&ADDRESS(1000,COLUMN(J$9)+10))), SUMIF(INDIRECT(Equipo!$G$4&"!B10:B1000"),$B63,INDIRECT(Equipo!$G$4&"!"&ADDRESS(10,COLUMN(J$9)+10)&":"&ADDRESS(1000,COLUMN(J$9)+10))) ))} -> - | K63: {=IF(ISBLANK(Tareas!$B59),"-", SUM( SUMIF(INDIRECT(Equipo!$C$4&"!B10:B1000"),$B63,INDIRECT(Equipo!$C$4&"!"&ADDRESS(10,COLUMN(K$9)+10)&":"&ADDRESS(1000,COLUMN(K$9)+10))), SUMIF(INDIRECT(Equipo!$D$4&"!B10:B1000"),$B63,INDIRECT(Equipo!$D$4&"!"&ADDRESS(10,COLUMN(K$9)+10)&":"&ADDRESS(1000,COLUMN(K$9)+10))), SUMIF(INDIRECT(Equipo!$E$4&"!B10:B1000"),$B63,INDIRECT(Equipo!$E$4&"!"&ADDRESS(10,COLUMN(K$9)+10)&":"&ADDRESS(1000,COLUMN(K$9)+10))), SUMIF(INDIRECT(Equipo!$F$4&"!B10:B1000"),$B63,INDIRECT(Equipo!$F$4&"!"&ADDRESS(10,COLUMN(K$9)+10)&":"&ADDRESS(1000,COLUMN(K$9)+10))), SUMIF(INDIRECT(Equipo!$G$4&"!B10:B1000"),$B63,INDIRECT(Equipo!$G$4&"!"&ADDRESS(10,COLUMN(K$9)+10)&":"&ADDRESS(1000,COLUMN(K$9)+10))) ))} -> -
B64: =IF(ISBLANK(Tareas!B60)," - ",Tareas!B60) -> - | C64: =IF(ISBLANK(Tareas!$B60),"-",SUM(D64:K64)) -> - | D64: {=IF(ISBLANK(Tareas!$B60),"-", SUM( SUMIF(INDIRECT(Equipo!$C$4&"!B10:B1000"),$B64,INDIRECT(Equipo!$C$4&"!"&ADDRESS(10,COLUMN(D$9)+10)&":"&ADDRESS(1000,COLUMN(D$9)+10))), SUMIF(INDIRECT(Equipo!$D$4&"!B10:B1000"),$B64,INDIRECT(Equipo!$D$4&"!"&ADDRESS(10,COLUMN(D$9)+10)&":"&ADDRESS(1000,COLUMN(D$9)+10))), SUMIF(INDIRECT(Equipo!$E$4&"!B10:B1000"),$B64,INDIRECT(Equipo!$E$4&"!"&ADDRESS(10,COLUMN(D$9)+10)&":"&ADDRESS(1000,COLUMN(D$9)+10))), SUMIF(INDIRECT(Equipo!$F$4&"!B10:B1000"),$B64,INDIRECT(Equipo!$F$4&"!"&ADDRESS(10,COLUMN(D$9)+10)&":"&ADDRESS(1000,COLUMN(D$9)+10))), SUMIF(INDIRECT(Equipo!$G$4&"!B10:B1000"),$B64,INDIRECT(Equipo!$G$4&"!"&ADDRESS(10,COLUMN(D$9)+10)&":"&ADDRESS(1000,COLUMN(D$9)+10))) ))} -> - | E64: {=IF(ISBLANK(Tareas!$B60),"-", SUM( SUMIF(INDIRECT(Equipo!$C$4&"!B10:B1000"),$B64,INDIRECT(Equipo!$C$4&"!"&ADDRESS(10,COLUMN(E$9)+10)&":"&ADDRESS(1000,COLUMN(E$9)+10))), SUMIF(INDIRECT(Equipo!$D$4&"!B10:B1000"),$B64,INDIRECT(Equipo!$D$4&"!"&ADDRESS(10,COLUMN(E$9)+10)&":"&ADDRESS(1000,COLUMN(E$9)+10))), SUMIF(INDIRECT(Equipo!$E$4&"!B10:B1000"),$B64,INDIRECT(Equipo!$E$4&"!"&ADDRESS(10,COLUMN(E$9)+10)&":"&ADDRESS(1000,COLUMN(E$9)+10))), SUMIF(INDIRECT(Equipo!$F$4&"!B10:B1000"),$B64,INDIRECT(Equipo!$F$4&"!"&ADDRESS(10,COLUMN(E$9)+10)&":"&ADDRESS(1000,COLUMN(E$9)+10))), SUMIF(INDIRECT(Equipo!$G$4&"!B10:B1000"),$B64,INDIRECT(Equipo!$G$4&"!"&ADDRESS(10,COLUMN(E$9)+10)&":"&ADDRESS(1000,COLUMN(E$9)+10))) ))} -> - | F64: {=IF(ISBLANK(Tareas!$B60),"-", SUM( SUMIF(INDIRECT(Equipo!$C$4&"!B10:B1000"),$B64,INDIRECT(Equipo!$C$4&"!"&ADDRESS(10,COLUMN(F$9)+10)&":"&ADDRESS(1000,COLUMN(F$9)+10))), SUMIF(INDIRECT(Equipo!$D$4&"!B10:B1000"),$B64,INDIRECT(Equipo!$D$4&"!"&ADDRESS(10,COLUMN(F$9)+10)&":"&ADDRESS(1000,COLUMN(F$9)+10))), SUMIF(INDIRECT(Equipo!$E$4&"!B10:B1000"),$B64,INDIRECT(Equipo!$E$4&"!"&ADDRESS(10,COLUMN(F$9)+10)&":"&ADDRESS(1000,COLUMN(F$9)+10))), SUMIF(INDIRECT(Equipo!$F$4&"!B10:B1000"),$B64,INDIRECT(Equipo!$F$4&"!"&ADDRESS(10,COLUMN(F$9)+10)&":"&ADDRESS(1000,COLUMN(F$9)+10))), SUMIF(INDIRECT(Equipo!$G$4&"!B10:B1000"),$B64,INDIRECT(Equipo!$G$4&"!"&ADDRESS(10,COLUMN(F$9)+10)&":"&ADDRESS(1000,COLUMN(F$9)+10))) ))} -> - | G64: {=IF(ISBLANK(Tareas!$B60),"-", SUM( SUMIF(INDIRECT(Equipo!$C$4&"!B10:B1000"),$B64,INDIRECT(Equipo!$C$4&"!"&ADDRESS(10,COLUMN(G$9)+10)&":"&ADDRESS(1000,COLUMN(G$9)+10))), SUMIF(INDIRECT(Equipo!$D$4&"!B10:B1000"),$B64,INDIRECT(Equipo!$D$4&"!"&ADDRESS(10,COLUMN(G$9)+10)&":"&ADDRESS(1000,COLUMN(G$9)+10))), SUMIF(INDIRECT(Equipo!$E$4&"!B10:B1000"),$B64,INDIRECT(Equipo!$E$4&"!"&ADDRESS(10,COLUMN(G$9)+10)&":"&ADDRESS(1000,COLUMN(G$9)+10))), SUMIF(INDIRECT(Equipo!$F$4&"!B10:B1000"),$B64,INDIRECT(Equipo!$F$4&"!"&ADDRESS(10,COLUMN(G$9)+10)&":"&ADDRESS(1000,COLUMN(G$9)+10))), SUMIF(INDIRECT(Equipo!$G$4&"!B10:B1000"),$B64,INDIRECT(Equipo!$G$4&"!"&ADDRESS(10,COLUMN(G$9)+10)&":"&ADDRESS(1000,COLUMN(G$9)+10))) ))} -> - | H64: {=IF(ISBLANK(Tareas!$B60),"-", SUM( SUMIF(INDIRECT(Equipo!$C$4&"!B10:B1000"),$B64,INDIRECT(Equipo!$C$4&"!"&ADDRESS(10,COLUMN(H$9)+10)&":"&ADDRESS(1000,COLUMN(H$9)+10))), SUMIF(INDIRECT(Equipo!$D$4&"!B10:B1000"),$B64,INDIRECT(Equipo!$D$4&"!"&ADDRESS(10,COLUMN(H$9)+10)&":"&ADDRESS(1000,COLUMN(H$9)+10))), SUMIF(INDIRECT(Equipo!$E$4&"!B10:B1000"),$B64,INDIRECT(Equipo!$E$4&"!"&ADDRESS(10,COLUMN(H$9)+10)&":"&ADDRESS(1000,COLUMN(H$9)+10))), SUMIF(INDIRECT(Equipo!$F$4&"!B10:B1000"),$B64,INDIRECT(Equipo!$F$4&"!"&ADDRESS(10,COLUMN(H$9)+10)&":"&ADDRESS(1000,COLUMN(H$9)+10))), SUMIF(INDIRECT(Equipo!$G$4&"!B10:B1000"),$B64,INDIRECT(Equipo!$G$4&"!"&ADDRESS(10,COLUMN(H$9)+10)&":"&ADDRESS(1000,COLUMN(H$9)+10))) ))} -> - | I64: {=IF(ISBLANK(Tareas!$B60),"-", SUM( SUMIF(INDIRECT(Equipo!$C$4&"!B10:B1000"),$B64,INDIRECT(Equipo!$C$4&"!"&ADDRESS(10,COLUMN(I$9)+10)&":"&ADDRESS(1000,COLUMN(I$9)+10))), SUMIF(INDIRECT(Equipo!$D$4&"!B10:B1000"),$B64,INDIRECT(Equipo!$D$4&"!"&ADDRESS(10,COLUMN(I$9)+10)&":"&ADDRESS(1000,COLUMN(I$9)+10))), SUMIF(INDIRECT(Equipo!$E$4&"!B10:B1000"),$B64,INDIRECT(Equipo!$E$4&"!"&ADDRESS(10,COLUMN(I$9)+10)&":"&ADDRESS(1000,COLUMN(I$9)+10))), SUMIF(INDIRECT(Equipo!$F$4&"!B10:B1000"),$B64,INDIRECT(Equipo!$F$4&"!"&ADDRESS(10,COLUMN(I$9)+10)&":"&ADDRESS(1000,COLUMN(I$9)+10))), SUMIF(INDIRECT(Equipo!$G$4&"!B10:B1000"),$B64,INDIRECT(Equipo!$G$4&"!"&ADDRESS(10,COLUMN(I$9)+10)&":"&ADDRESS(1000,COLUMN(I$9)+10))) ))} -> - | J64: {=IF(ISBLANK(Tareas!$B60),"-", SUM( SUMIF(INDIRECT(Equipo!$C$4&"!B10:B1000"),$B64,INDIRECT(Equipo!$C$4&"!"&ADDRESS(10,COLUMN(J$9)+10)&":"&ADDRESS(1000,COLUMN(J$9)+10))), SUMIF(INDIRECT(Equipo!$D$4&"!B10:B1000"),$B64,INDIRECT(Equipo!$D$4&"!"&ADDRESS(10,COLUMN(J$9)+10)&":"&ADDRESS(1000,COLUMN(J$9)+10))), SUMIF(INDIRECT(Equipo!$E$4&"!B10:B1000"),$B64,INDIRECT(Equipo!$E$4&"!"&ADDRESS(10,COLUMN(J$9)+10)&":"&ADDRESS(1000,COLUMN(J$9)+10))), SUMIF(INDIRECT(Equipo!$F$4&"!B10:B1000"),$B64,INDIRECT(Equipo!$F$4&"!"&ADDRESS(10,COLUMN(J$9)+10)&":"&ADDRESS(1000,COLUMN(J$9)+10))), SUMIF(INDIRECT(Equipo!$G$4&"!B10:B1000"),$B64,INDIRECT(Equipo!$G$4&"!"&ADDRESS(10,COLUMN(J$9)+10)&":"&ADDRESS(1000,COLUMN(J$9)+10))) ))} -> - | K64: {=IF(ISBLANK(Tareas!$B60),"-", SUM( SUMIF(INDIRECT(Equipo!$C$4&"!B10:B1000"),$B64,INDIRECT(Equipo!$C$4&"!"&ADDRESS(10,COLUMN(K$9)+10)&":"&ADDRESS(1000,COLUMN(K$9)+10))), SUMIF(INDIRECT(Equipo!$D$4&"!B10:B1000"),$B64,INDIRECT(Equipo!$D$4&"!"&ADDRESS(10,COLUMN(K$9)+10)&":"&ADDRESS(1000,COLUMN(K$9)+10))), SUMIF(INDIRECT(Equipo!$E$4&"!B10:B1000"),$B64,INDIRECT(Equipo!$E$4&"!"&ADDRESS(10,COLUMN(K$9)+10)&":"&ADDRESS(1000,COLUMN(K$9)+10))), SUMIF(INDIRECT(Equipo!$F$4&"!B10:B1000"),$B64,INDIRECT(Equipo!$F$4&"!"&ADDRESS(10,COLUMN(K$9)+10)&":"&ADDRESS(1000,COLUMN(K$9)+10))), SUMIF(INDIRECT(Equipo!$G$4&"!B10:B1000"),$B64,INDIRECT(Equipo!$G$4&"!"&ADDRESS(10,COLUMN(K$9)+10)&":"&ADDRESS(1000,COLUMN(K$9)+10))) ))} -> -
B65: =IF(ISBLANK(Tareas!B61)," - ",Tareas!B61) -> - | C65: =IF(ISBLANK(Tareas!$B61),"-",SUM(D65:K65)) -> - | D65: {=IF(ISBLANK(Tareas!$B61),"-", SUM( SUMIF(INDIRECT(Equipo!$C$4&"!B10:B1000"),$B65,INDIRECT(Equipo!$C$4&"!"&ADDRESS(10,COLUMN(D$9)+10)&":"&ADDRESS(1000,COLUMN(D$9)+10))), SUMIF(INDIRECT(Equipo!$D$4&"!B10:B1000"),$B65,INDIRECT(Equipo!$D$4&"!"&ADDRESS(10,COLUMN(D$9)+10)&":"&ADDRESS(1000,COLUMN(D$9)+10))), SUMIF(INDIRECT(Equipo!$E$4&"!B10:B1000"),$B65,INDIRECT(Equipo!$E$4&"!"&ADDRESS(10,COLUMN(D$9)+10)&":"&ADDRESS(1000,COLUMN(D$9)+10))), SUMIF(INDIRECT(Equipo!$F$4&"!B10:B1000"),$B65,INDIRECT(Equipo!$F$4&"!"&ADDRESS(10,COLUMN(D$9)+10)&":"&ADDRESS(1000,COLUMN(D$9)+10))), SUMIF(INDIRECT(Equipo!$G$4&"!B10:B1000"),$B65,INDIRECT(Equipo!$G$4&"!"&ADDRESS(10,COLUMN(D$9)+10)&":"&ADDRESS(1000,COLUMN(D$9)+10))) ))} -> - | E65: {=IF(ISBLANK(Tareas!$B61),"-", SUM( SUMIF(INDIRECT(Equipo!$C$4&"!B10:B1000"),$B65,INDIRECT(Equipo!$C$4&"!"&ADDRESS(10,COLUMN(E$9)+10)&":"&ADDRESS(1000,COLUMN(E$9)+10))), SUMIF(INDIRECT(Equipo!$D$4&"!B10:B1000"),$B65,INDIRECT(Equipo!$D$4&"!"&ADDRESS(10,COLUMN(E$9)+10)&":"&ADDRESS(1000,COLUMN(E$9)+10))), SUMIF(INDIRECT(Equipo!$E$4&"!B10:B1000"),$B65,INDIRECT(Equipo!$E$4&"!"&ADDRESS(10,COLUMN(E$9)+10)&":"&ADDRESS(1000,COLUMN(E$9)+10))), SUMIF(INDIRECT(Equipo!$F$4&"!B10:B1000"),$B65,INDIRECT(Equipo!$F$4&"!"&ADDRESS(10,COLUMN(E$9)+10)&":"&ADDRESS(1000,COLUMN(E$9)+10))), SUMIF(INDIRECT(Equipo!$G$4&"!B10:B1000"),$B65,INDIRECT(Equipo!$G$4&"!"&ADDRESS(10,COLUMN(E$9)+10)&":"&ADDRESS(1000,COLUMN(E$9)+10))) ))} -> - | F65: {=IF(ISBLANK(Tareas!$B61),"-", SUM( SUMIF(INDIRECT(Equipo!$C$4&"!B10:B1000"),$B65,INDIRECT(Equipo!$C$4&"!"&ADDRESS(10,COLUMN(F$9)+10)&":"&ADDRESS(1000,COLUMN(F$9)+10))), SUMIF(INDIRECT(Equipo!$D$4&"!B10:B1000"),$B65,INDIRECT(Equipo!$D$4&"!"&ADDRESS(10,COLUMN(F$9)+10)&":"&ADDRESS(1000,COLUMN(F$9)+10))), SUMIF(INDIRECT(Equipo!$E$4&"!B10:B1000"),$B65,INDIRECT(Equipo!$E$4&"!"&ADDRESS(10,COLUMN(F$9)+10)&":"&ADDRESS(1000,COLUMN(F$9)+10))), SUMIF(INDIRECT(Equipo!$F$4&"!B10:B1000"),$B65,INDIRECT(Equipo!$F$4&"!"&ADDRESS(10,COLUMN(F$9)+10)&":"&ADDRESS(1000,COLUMN(F$9)+10))), SUMIF(INDIRECT(Equipo!$G$4&"!B10:B1000"),$B65,INDIRECT(Equipo!$G$4&"!"&ADDRESS(10,COLUMN(F$9)+10)&":"&ADDRESS(1000,COLUMN(F$9)+10))) ))} -> - | G65: {=IF(ISBLANK(Tareas!$B61),"-", SUM( SUMIF(INDIRECT(Equipo!$C$4&"!B10:B1000"),$B65,INDIRECT(Equipo!$C$4&"!"&ADDRESS(10,COLUMN(G$9)+10)&":"&ADDRESS(1000,COLUMN(G$9)+10))), SUMIF(INDIRECT(Equipo!$D$4&"!B10:B1000"),$B65,INDIRECT(Equipo!$D$4&"!"&ADDRESS(10,COLUMN(G$9)+10)&":"&ADDRESS(1000,COLUMN(G$9)+10))), SUMIF(INDIRECT(Equipo!$E$4&"!B10:B1000"),$B65,INDIRECT(Equipo!$E$4&"!"&ADDRESS(10,COLUMN(G$9)+10)&":"&ADDRESS(1000,COLUMN(G$9)+10))), SUMIF(INDIRECT(Equipo!$F$4&"!B10:B1000"),$B65,INDIRECT(Equipo!$F$4&"!"&ADDRESS(10,COLUMN(G$9)+10)&":"&ADDRESS(1000,COLUMN(G$9)+10))), SUMIF(INDIRECT(Equipo!$G$4&"!B10:B1000"),$B65,INDIRECT(Equipo!$G$4&"!"&ADDRESS(10,COLUMN(G$9)+10)&":"&ADDRESS(1000,COLUMN(G$9)+10))) ))} -> - | H65: {=IF(ISBLANK(Tareas!$B61),"-", SUM( SUMIF(INDIRECT(Equipo!$C$4&"!B10:B1000"),$B65,INDIRECT(Equipo!$C$4&"!"&ADDRESS(10,COLUMN(H$9)+10)&":"&ADDRESS(1000,COLUMN(H$9)+10))), SUMIF(INDIRECT(Equipo!$D$4&"!B10:B1000"),$B65,INDIRECT(Equipo!$D$4&"!"&ADDRESS(10,COLUMN(H$9)+10)&":"&ADDRESS(1000,COLUMN(H$9)+10))), SUMIF(INDIRECT(Equipo!$E$4&"!B10:B1000"),$B65,INDIRECT(Equipo!$E$4&"!"&ADDRESS(10,COLUMN(H$9)+10)&":"&ADDRESS(1000,COLUMN(H$9)+10))), SUMIF(INDIRECT(Equipo!$F$4&"!B10:B1000"),$B65,INDIRECT(Equipo!$F$4&"!"&ADDRESS(10,COLUMN(H$9)+10)&":"&ADDRESS(1000,COLUMN(H$9)+10))), SUMIF(INDIRECT(Equipo!$G$4&"!B10:B1000"),$B65,INDIRECT(Equipo!$G$4&"!"&ADDRESS(10,COLUMN(H$9)+10)&":"&ADDRESS(1000,COLUMN(H$9)+10))) ))} -> - | I65: {=IF(ISBLANK(Tareas!$B61),"-", SUM( SUMIF(INDIRECT(Equipo!$C$4&"!B10:B1000"),$B65,INDIRECT(Equipo!$C$4&"!"&ADDRESS(10,COLUMN(I$9)+10)&":"&ADDRESS(1000,COLUMN(I$9)+10))), SUMIF(INDIRECT(Equipo!$D$4&"!B10:B1000"),$B65,INDIRECT(Equipo!$D$4&"!"&ADDRESS(10,COLUMN(I$9)+10)&":"&ADDRESS(1000,COLUMN(I$9)+10))), SUMIF(INDIRECT(Equipo!$E$4&"!B10:B1000"),$B65,INDIRECT(Equipo!$E$4&"!"&ADDRESS(10,COLUMN(I$9)+10)&":"&ADDRESS(1000,COLUMN(I$9)+10))), SUMIF(INDIRECT(Equipo!$F$4&"!B10:B1000"),$B65,INDIRECT(Equipo!$F$4&"!"&ADDRESS(10,COLUMN(I$9)+10)&":"&ADDRESS(1000,COLUMN(I$9)+10))), SUMIF(INDIRECT(Equipo!$G$4&"!B10:B1000"),$B65,INDIRECT(Equipo!$G$4&"!"&ADDRESS(10,COLUMN(I$9)+10)&":"&ADDRESS(1000,COLUMN(I$9)+10))) ))} -> - | J65: {=IF(ISBLANK(Tareas!$B61),"-", SUM( SUMIF(INDIRECT(Equipo!$C$4&"!B10:B1000"),$B65,INDIRECT(Equipo!$C$4&"!"&ADDRESS(10,COLUMN(J$9)+10)&":"&ADDRESS(1000,COLUMN(J$9)+10))), SUMIF(INDIRECT(Equipo!$D$4&"!B10:B1000"),$B65,INDIRECT(Equipo!$D$4&"!"&ADDRESS(10,COLUMN(J$9)+10)&":"&ADDRESS(1000,COLUMN(J$9)+10))), SUMIF(INDIRECT(Equipo!$E$4&"!B10:B1000"),$B65,INDIRECT(Equipo!$E$4&"!"&ADDRESS(10,COLUMN(J$9)+10)&":"&ADDRESS(1000,COLUMN(J$9)+10))), SUMIF(INDIRECT(Equipo!$F$4&"!B10:B1000"),$B65,INDIRECT(Equipo!$F$4&"!"&ADDRESS(10,COLUMN(J$9)+10)&":"&ADDRESS(1000,COLUMN(J$9)+10))), SUMIF(INDIRECT(Equipo!$G$4&"!B10:B1000"),$B65,INDIRECT(Equipo!$G$4&"!"&ADDRESS(10,COLUMN(J$9)+10)&":"&ADDRESS(1000,COLUMN(J$9)+10))) ))} -> - | K65: {=IF(ISBLANK(Tareas!$B61),"-", SUM( SUMIF(INDIRECT(Equipo!$C$4&"!B10:B1000"),$B65,INDIRECT(Equipo!$C$4&"!"&ADDRESS(10,COLUMN(K$9)+10)&":"&ADDRESS(1000,COLUMN(K$9)+10))), SUMIF(INDIRECT(Equipo!$D$4&"!B10:B1000"),$B65,INDIRECT(Equipo!$D$4&"!"&ADDRESS(10,COLUMN(K$9)+10)&":"&ADDRESS(1000,COLUMN(K$9)+10))), SUMIF(INDIRECT(Equipo!$E$4&"!B10:B1000"),$B65,INDIRECT(Equipo!$E$4&"!"&ADDRESS(10,COLUMN(K$9)+10)&":"&ADDRESS(1000,COLUMN(K$9)+10))), SUMIF(INDIRECT(Equipo!$F$4&"!B10:B1000"),$B65,INDIRECT(Equipo!$F$4&"!"&ADDRESS(10,COLUMN(K$9)+10)&":"&ADDRESS(1000,COLUMN(K$9)+10))), SUMIF(INDIRECT(Equipo!$G$4&"!B10:B1000"),$B65,INDIRECT(Equipo!$G$4&"!"&ADDRESS(10,COLUMN(K$9)+10)&":"&ADDRESS(1000,COLUMN(K$9)+10))) ))} -> -
B66: =IF(ISBLANK(Tareas!B62)," - ",Tareas!B62) -> - | C66: =IF(ISBLANK(Tareas!$B62),"-",SUM(D66:K66)) -> - | D66: {=IF(ISBLANK(Tareas!$B62),"-", SUM( SUMIF(INDIRECT(Equipo!$C$4&"!B10:B1000"),$B66,INDIRECT(Equipo!$C$4&"!"&ADDRESS(10,COLUMN(D$9)+10)&":"&ADDRESS(1000,COLUMN(D$9)+10))), SUMIF(INDIRECT(Equipo!$D$4&"!B10:B1000"),$B66,INDIRECT(Equipo!$D$4&"!"&ADDRESS(10,COLUMN(D$9)+10)&":"&ADDRESS(1000,COLUMN(D$9)+10))), SUMIF(INDIRECT(Equipo!$E$4&"!B10:B1000"),$B66,INDIRECT(Equipo!$E$4&"!"&ADDRESS(10,COLUMN(D$9)+10)&":"&ADDRESS(1000,COLUMN(D$9)+10))), SUMIF(INDIRECT(Equipo!$F$4&"!B10:B1000"),$B66,INDIRECT(Equipo!$F$4&"!"&ADDRESS(10,COLUMN(D$9)+10)&":"&ADDRESS(1000,COLUMN(D$9)+10))), SUMIF(INDIRECT(Equipo!$G$4&"!B10:B1000"),$B66,INDIRECT(Equipo!$G$4&"!"&ADDRESS(10,COLUMN(D$9)+10)&":"&ADDRESS(1000,COLUMN(D$9)+10))) ))} -> - | E66: {=IF(ISBLANK(Tareas!$B62),"-", SUM( SUMIF(INDIRECT(Equipo!$C$4&"!B10:B1000"),$B66,INDIRECT(Equipo!$C$4&"!"&ADDRESS(10,COLUMN(E$9)+10)&":"&ADDRESS(1000,COLUMN(E$9)+10))), SUMIF(INDIRECT(Equipo!$D$4&"!B10:B1000"),$B66,INDIRECT(Equipo!$D$4&"!"&ADDRESS(10,COLUMN(E$9)+10)&":"&ADDRESS(1000,COLUMN(E$9)+10))), SUMIF(INDIRECT(Equipo!$E$4&"!B10:B1000"),$B66,INDIRECT(Equipo!$E$4&"!"&ADDRESS(10,COLUMN(E$9)+10)&":"&ADDRESS(1000,COLUMN(E$9)+10))), SUMIF(INDIRECT(Equipo!$F$4&"!B10:B1000"),$B66,INDIRECT(Equipo!$F$4&"!"&ADDRESS(10,COLUMN(E$9)+10)&":"&ADDRESS(1000,COLUMN(E$9)+10))), SUMIF(INDIRECT(Equipo!$G$4&"!B10:B1000"),$B66,INDIRECT(Equipo!$G$4&"!"&ADDRESS(10,COLUMN(E$9)+10)&":"&ADDRESS(1000,COLUMN(E$9)+10))) ))} -> - | F66: {=IF(ISBLANK(Tareas!$B62),"-", SUM( SUMIF(INDIRECT(Equipo!$C$4&"!B10:B1000"),$B66,INDIRECT(Equipo!$C$4&"!"&ADDRESS(10,COLUMN(F$9)+10)&":"&ADDRESS(1000,COLUMN(F$9)+10))), SUMIF(INDIRECT(Equipo!$D$4&"!B10:B1000"),$B66,INDIRECT(Equipo!$D$4&"!"&ADDRESS(10,COLUMN(F$9)+10)&":"&ADDRESS(1000,COLUMN(F$9)+10))), SUMIF(INDIRECT(Equipo!$E$4&"!B10:B1000"),$B66,INDIRECT(Equipo!$E$4&"!"&ADDRESS(10,COLUMN(F$9)+10)&":"&ADDRESS(1000,COLUMN(F$9)+10))), SUMIF(INDIRECT(Equipo!$F$4&"!B10:B1000"),$B66,INDIRECT(Equipo!$F$4&"!"&ADDRESS(10,COLUMN(F$9)+10)&":"&ADDRESS(1000,COLUMN(F$9)+10))), SUMIF(INDIRECT(Equipo!$G$4&"!B10:B1000"),$B66,INDIRECT(Equipo!$G$4&"!"&ADDRESS(10,COLUMN(F$9)+10)&":"&ADDRESS(1000,COLUMN(F$9)+10))) ))} -> - | G66: {=IF(ISBLANK(Tareas!$B62),"-", SUM( SUMIF(INDIRECT(Equipo!$C$4&"!B10:B1000"),$B66,INDIRECT(Equipo!$C$4&"!"&ADDRESS(10,COLUMN(G$9)+10)&":"&ADDRESS(1000,COLUMN(G$9)+10))), SUMIF(INDIRECT(Equipo!$D$4&"!B10:B1000"),$B66,INDIRECT(Equipo!$D$4&"!"&ADDRESS(10,COLUMN(G$9)+10)&":"&ADDRESS(1000,COLUMN(G$9)+10))), SUMIF(INDIRECT(Equipo!$E$4&"!B10:B1000"),$B66,INDIRECT(Equipo!$E$4&"!"&ADDRESS(10,COLUMN(G$9)+10)&":"&ADDRESS(1000,COLUMN(G$9)+10))), SUMIF(INDIRECT(Equipo!$F$4&"!B10:B1000"),$B66,INDIRECT(Equipo!$F$4&"!"&ADDRESS(10,COLUMN(G$9)+10)&":"&ADDRESS(1000,COLUMN(G$9)+10))), SUMIF(INDIRECT(Equipo!$G$4&"!B10:B1000"),$B66,INDIRECT(Equipo!$G$4&"!"&ADDRESS(10,COLUMN(G$9)+10)&":"&ADDRESS(1000,COLUMN(G$9)+10))) ))} -> - | H66: {=IF(ISBLANK(Tareas!$B62),"-", SUM( SUMIF(INDIRECT(Equipo!$C$4&"!B10:B1000"),$B66,INDIRECT(Equipo!$C$4&"!"&ADDRESS(10,COLUMN(H$9)+10)&":"&ADDRESS(1000,COLUMN(H$9)+10))), SUMIF(INDIRECT(Equipo!$D$4&"!B10:B1000"),$B66,INDIRECT(Equipo!$D$4&"!"&ADDRESS(10,COLUMN(H$9)+10)&":"&ADDRESS(1000,COLUMN(H$9)+10))), SUMIF(INDIRECT(Equipo!$E$4&"!B10:B1000"),$B66,INDIRECT(Equipo!$E$4&"!"&ADDRESS(10,COLUMN(H$9)+10)&":"&ADDRESS(1000,COLUMN(H$9)+10))), SUMIF(INDIRECT(Equipo!$F$4&"!B10:B1000"),$B66,INDIRECT(Equipo!$F$4&"!"&ADDRESS(10,COLUMN(H$9)+10)&":"&ADDRESS(1000,COLUMN(H$9)+10))), SUMIF(INDIRECT(Equipo!$G$4&"!B10:B1000"),$B66,INDIRECT(Equipo!$G$4&"!"&ADDRESS(10,COLUMN(H$9)+10)&":"&ADDRESS(1000,COLUMN(H$9)+10))) ))} -> - | I66: {=IF(ISBLANK(Tareas!$B62),"-", SUM( SUMIF(INDIRECT(Equipo!$C$4&"!B10:B1000"),$B66,INDIRECT(Equipo!$C$4&"!"&ADDRESS(10,COLUMN(I$9)+10)&":"&ADDRESS(1000,COLUMN(I$9)+10))), SUMIF(INDIRECT(Equipo!$D$4&"!B10:B1000"),$B66,INDIRECT(Equipo!$D$4&"!"&ADDRESS(10,COLUMN(I$9)+10)&":"&ADDRESS(1000,COLUMN(I$9)+10))), SUMIF(INDIRECT(Equipo!$E$4&"!B10:B1000"),$B66,INDIRECT(Equipo!$E$4&"!"&ADDRESS(10,COLUMN(I$9)+10)&":"&ADDRESS(1000,COLUMN(I$9)+10))), SUMIF(INDIRECT(Equipo!$F$4&"!B10:B1000"),$B66,INDIRECT(Equipo!$F$4&"!"&ADDRESS(10,COLUMN(I$9)+10)&":"&ADDRESS(1000,COLUMN(I$9)+10))), SUMIF(INDIRECT(Equipo!$G$4&"!B10:B1000"),$B66,INDIRECT(Equipo!$G$4&"!"&ADDRESS(10,COLUMN(I$9)+10)&":"&ADDRESS(1000,COLUMN(I$9)+10))) ))} -> - | J66: {=IF(ISBLANK(Tareas!$B62),"-", SUM( SUMIF(INDIRECT(Equipo!$C$4&"!B10:B1000"),$B66,INDIRECT(Equipo!$C$4&"!"&ADDRESS(10,COLUMN(J$9)+10)&":"&ADDRESS(1000,COLUMN(J$9)+10))), SUMIF(INDIRECT(Equipo!$D$4&"!B10:B1000"),$B66,INDIRECT(Equipo!$D$4&"!"&ADDRESS(10,COLUMN(J$9)+10)&":"&ADDRESS(1000,COLUMN(J$9)+10))), SUMIF(INDIRECT(Equipo!$E$4&"!B10:B1000"),$B66,INDIRECT(Equipo!$E$4&"!"&ADDRESS(10,COLUMN(J$9)+10)&":"&ADDRESS(1000,COLUMN(J$9)+10))), SUMIF(INDIRECT(Equipo!$F$4&"!B10:B1000"),$B66,INDIRECT(Equipo!$F$4&"!"&ADDRESS(10,COLUMN(J$9)+10)&":"&ADDRESS(1000,COLUMN(J$9)+10))), SUMIF(INDIRECT(Equipo!$G$4&"!B10:B1000"),$B66,INDIRECT(Equipo!$G$4&"!"&ADDRESS(10,COLUMN(J$9)+10)&":"&ADDRESS(1000,COLUMN(J$9)+10))) ))} -> - | K66: {=IF(ISBLANK(Tareas!$B62),"-", SUM( SUMIF(INDIRECT(Equipo!$C$4&"!B10:B1000"),$B66,INDIRECT(Equipo!$C$4&"!"&ADDRESS(10,COLUMN(K$9)+10)&":"&ADDRESS(1000,COLUMN(K$9)+10))), SUMIF(INDIRECT(Equipo!$D$4&"!B10:B1000"),$B66,INDIRECT(Equipo!$D$4&"!"&ADDRESS(10,COLUMN(K$9)+10)&":"&ADDRESS(1000,COLUMN(K$9)+10))), SUMIF(INDIRECT(Equipo!$E$4&"!B10:B1000"),$B66,INDIRECT(Equipo!$E$4&"!"&ADDRESS(10,COLUMN(K$9)+10)&":"&ADDRESS(1000,COLUMN(K$9)+10))), SUMIF(INDIRECT(Equipo!$F$4&"!B10:B1000"),$B66,INDIRECT(Equipo!$F$4&"!"&ADDRESS(10,COLUMN(K$9)+10)&":"&ADDRESS(1000,COLUMN(K$9)+10))), SUMIF(INDIRECT(Equipo!$G$4&"!B10:B1000"),$B66,INDIRECT(Equipo!$G$4&"!"&ADDRESS(10,COLUMN(K$9)+10)&":"&ADDRESS(1000,COLUMN(K$9)+10))) ))} -> -
B67: =IF(ISBLANK(Tareas!B63)," - ",Tareas!B63) -> - | C67: =IF(ISBLANK(Tareas!$B63),"-",SUM(D67:K67)) -> - | D67: {=IF(ISBLANK(Tareas!$B63),"-", SUM( SUMIF(INDIRECT(Equipo!$C$4&"!B10:B1000"),$B67,INDIRECT(Equipo!$C$4&"!"&ADDRESS(10,COLUMN(D$9)+10)&":"&ADDRESS(1000,COLUMN(D$9)+10))), SUMIF(INDIRECT(Equipo!$D$4&"!B10:B1000"),$B67,INDIRECT(Equipo!$D$4&"!"&ADDRESS(10,COLUMN(D$9)+10)&":"&ADDRESS(1000,COLUMN(D$9)+10))), SUMIF(INDIRECT(Equipo!$E$4&"!B10:B1000"),$B67,INDIRECT(Equipo!$E$4&"!"&ADDRESS(10,COLUMN(D$9)+10)&":"&ADDRESS(1000,COLUMN(D$9)+10))), SUMIF(INDIRECT(Equipo!$F$4&"!B10:B1000"),$B67,INDIRECT(Equipo!$F$4&"!"&ADDRESS(10,COLUMN(D$9)+10)&":"&ADDRESS(1000,COLUMN(D$9)+10))), SUMIF(INDIRECT(Equipo!$G$4&"!B10:B1000"),$B67,INDIRECT(Equipo!$G$4&"!"&ADDRESS(10,COLUMN(D$9)+10)&":"&ADDRESS(1000,COLUMN(D$9)+10))) ))} -> - | E67: {=IF(ISBLANK(Tareas!$B63),"-", SUM( SUMIF(INDIRECT(Equipo!$C$4&"!B10:B1000"),$B67,INDIRECT(Equipo!$C$4&"!"&ADDRESS(10,COLUMN(E$9)+10)&":"&ADDRESS(1000,COLUMN(E$9)+10))), SUMIF(INDIRECT(Equipo!$D$4&"!B10:B1000"),$B67,INDIRECT(Equipo!$D$4&"!"&ADDRESS(10,COLUMN(E$9)+10)&":"&ADDRESS(1000,COLUMN(E$9)+10))), SUMIF(INDIRECT(Equipo!$E$4&"!B10:B1000"),$B67,INDIRECT(Equipo!$E$4&"!"&ADDRESS(10,COLUMN(E$9)+10)&":"&ADDRESS(1000,COLUMN(E$9)+10))), SUMIF(INDIRECT(Equipo!$F$4&"!B10:B1000"),$B67,INDIRECT(Equipo!$F$4&"!"&ADDRESS(10,COLUMN(E$9)+10)&":"&ADDRESS(1000,COLUMN(E$9)+10))), SUMIF(INDIRECT(Equipo!$G$4&"!B10:B1000"),$B67,INDIRECT(Equipo!$G$4&"!"&ADDRESS(10,COLUMN(E$9)+10)&":"&ADDRESS(1000,COLUMN(E$9)+10))) ))} -> - | F67: {=IF(ISBLANK(Tareas!$B63),"-", SUM( SUMIF(INDIRECT(Equipo!$C$4&"!B10:B1000"),$B67,INDIRECT(Equipo!$C$4&"!"&ADDRESS(10,COLUMN(F$9)+10)&":"&ADDRESS(1000,COLUMN(F$9)+10))), SUMIF(INDIRECT(Equipo!$D$4&"!B10:B1000"),$B67,INDIRECT(Equipo!$D$4&"!"&ADDRESS(10,COLUMN(F$9)+10)&":"&ADDRESS(1000,COLUMN(F$9)+10))), SUMIF(INDIRECT(Equipo!$E$4&"!B10:B1000"),$B67,INDIRECT(Equipo!$E$4&"!"&ADDRESS(10,COLUMN(F$9)+10)&":"&ADDRESS(1000,COLUMN(F$9)+10))), SUMIF(INDIRECT(Equipo!$F$4&"!B10:B1000"),$B67,INDIRECT(Equipo!$F$4&"!"&ADDRESS(10,COLUMN(F$9)+10)&":"&ADDRESS(1000,COLUMN(F$9)+10))), SUMIF(INDIRECT(Equipo!$G$4&"!B10:B1000"),$B67,INDIRECT(Equipo!$G$4&"!"&ADDRESS(10,COLUMN(F$9)+10)&":"&ADDRESS(1000,COLUMN(F$9)+10))) ))} -> - | G67: {=IF(ISBLANK(Tareas!$B63),"-", SUM( SUMIF(INDIRECT(Equipo!$C$4&"!B10:B1000"),$B67,INDIRECT(Equipo!$C$4&"!"&ADDRESS(10,COLUMN(G$9)+10)&":"&ADDRESS(1000,COLUMN(G$9)+10))), SUMIF(INDIRECT(Equipo!$D$4&"!B10:B1000"),$B67,INDIRECT(Equipo!$D$4&"!"&ADDRESS(10,COLUMN(G$9)+10)&":"&ADDRESS(1000,COLUMN(G$9)+10))), SUMIF(INDIRECT(Equipo!$E$4&"!B10:B1000"),$B67,INDIRECT(Equipo!$E$4&"!"&ADDRESS(10,COLUMN(G$9)+10)&":"&ADDRESS(1000,COLUMN(G$9)+10))), SUMIF(INDIRECT(Equipo!$F$4&"!B10:B1000"),$B67,INDIRECT(Equipo!$F$4&"!"&ADDRESS(10,COLUMN(G$9)+10)&":"&ADDRESS(1000,COLUMN(G$9)+10))), SUMIF(INDIRECT(Equipo!$G$4&"!B10:B1000"),$B67,INDIRECT(Equipo!$G$4&"!"&ADDRESS(10,COLUMN(G$9)+10)&":"&ADDRESS(1000,COLUMN(G$9)+10))) ))} -> - | H67: {=IF(ISBLANK(Tareas!$B63),"-", SUM( SUMIF(INDIRECT(Equipo!$C$4&"!B10:B1000"),$B67,INDIRECT(Equipo!$C$4&"!"&ADDRESS(10,COLUMN(H$9)+10)&":"&ADDRESS(1000,COLUMN(H$9)+10))), SUMIF(INDIRECT(Equipo!$D$4&"!B10:B1000"),$B67,INDIRECT(Equipo!$D$4&"!"&ADDRESS(10,COLUMN(H$9)+10)&":"&ADDRESS(1000,COLUMN(H$9)+10))), SUMIF(INDIRECT(Equipo!$E$4&"!B10:B1000"),$B67,INDIRECT(Equipo!$E$4&"!"&ADDRESS(10,COLUMN(H$9)+10)&":"&ADDRESS(1000,COLUMN(H$9)+10))), SUMIF(INDIRECT(Equipo!$F$4&"!B10:B1000"),$B67,INDIRECT(Equipo!$F$4&"!"&ADDRESS(10,COLUMN(H$9)+10)&":"&ADDRESS(1000,COLUMN(H$9)+10))), SUMIF(INDIRECT(Equipo!$G$4&"!B10:B1000"),$B67,INDIRECT(Equipo!$G$4&"!"&ADDRESS(10,COLUMN(H$9)+10)&":"&ADDRESS(1000,COLUMN(H$9)+10))) ))} -> - | I67: {=IF(ISBLANK(Tareas!$B63),"-", SUM( SUMIF(INDIRECT(Equipo!$C$4&"!B10:B1000"),$B67,INDIRECT(Equipo!$C$4&"!"&ADDRESS(10,COLUMN(I$9)+10)&":"&ADDRESS(1000,COLUMN(I$9)+10))), SUMIF(INDIRECT(Equipo!$D$4&"!B10:B1000"),$B67,INDIRECT(Equipo!$D$4&"!"&ADDRESS(10,COLUMN(I$9)+10)&":"&ADDRESS(1000,COLUMN(I$9)+10))), SUMIF(INDIRECT(Equipo!$E$4&"!B10:B1000"),$B67,INDIRECT(Equipo!$E$4&"!"&ADDRESS(10,COLUMN(I$9)+10)&":"&ADDRESS(1000,COLUMN(I$9)+10))), SUMIF(INDIRECT(Equipo!$F$4&"!B10:B1000"),$B67,INDIRECT(Equipo!$F$4&"!"&ADDRESS(10,COLUMN(I$9)+10)&":"&ADDRESS(1000,COLUMN(I$9)+10))), SUMIF(INDIRECT(Equipo!$G$4&"!B10:B1000"),$B67,INDIRECT(Equipo!$G$4&"!"&ADDRESS(10,COLUMN(I$9)+10)&":"&ADDRESS(1000,COLUMN(I$9)+10))) ))} -> - | J67: {=IF(ISBLANK(Tareas!$B63),"-", SUM( SUMIF(INDIRECT(Equipo!$C$4&"!B10:B1000"),$B67,INDIRECT(Equipo!$C$4&"!"&ADDRESS(10,COLUMN(J$9)+10)&":"&ADDRESS(1000,COLUMN(J$9)+10))), SUMIF(INDIRECT(Equipo!$D$4&"!B10:B1000"),$B67,INDIRECT(Equipo!$D$4&"!"&ADDRESS(10,COLUMN(J$9)+10)&":"&ADDRESS(1000,COLUMN(J$9)+10))), SUMIF(INDIRECT(Equipo!$E$4&"!B10:B1000"),$B67,INDIRECT(Equipo!$E$4&"!"&ADDRESS(10,COLUMN(J$9)+10)&":"&ADDRESS(1000,COLUMN(J$9)+10))), SUMIF(INDIRECT(Equipo!$F$4&"!B10:B1000"),$B67,INDIRECT(Equipo!$F$4&"!"&ADDRESS(10,COLUMN(J$9)+10)&":"&ADDRESS(1000,COLUMN(J$9)+10))), SUMIF(INDIRECT(Equipo!$G$4&"!B10:B1000"),$B67,INDIRECT(Equipo!$G$4&"!"&ADDRESS(10,COLUMN(J$9)+10)&":"&ADDRESS(1000,COLUMN(J$9)+10))) ))} -> - | K67: {=IF(ISBLANK(Tareas!$B63),"-", SUM( SUMIF(INDIRECT(Equipo!$C$4&"!B10:B1000"),$B67,INDIRECT(Equipo!$C$4&"!"&ADDRESS(10,COLUMN(K$9)+10)&":"&ADDRESS(1000,COLUMN(K$9)+10))), SUMIF(INDIRECT(Equipo!$D$4&"!B10:B1000"),$B67,INDIRECT(Equipo!$D$4&"!"&ADDRESS(10,COLUMN(K$9)+10)&":"&ADDRESS(1000,COLUMN(K$9)+10))), SUMIF(INDIRECT(Equipo!$E$4&"!B10:B1000"),$B67,INDIRECT(Equipo!$E$4&"!"&ADDRESS(10,COLUMN(K$9)+10)&":"&ADDRESS(1000,COLUMN(K$9)+10))), SUMIF(INDIRECT(Equipo!$F$4&"!B10:B1000"),$B67,INDIRECT(Equipo!$F$4&"!"&ADDRESS(10,COLUMN(K$9)+10)&":"&ADDRESS(1000,COLUMN(K$9)+10))), SUMIF(INDIRECT(Equipo!$G$4&"!B10:B1000"),$B67,INDIRECT(Equipo!$G$4&"!"&ADDRESS(10,COLUMN(K$9)+10)&":"&ADDRESS(1000,COLUMN(K$9)+10))) ))} -> -
B68: =IF(ISBLANK(Tareas!B64)," - ",Tareas!B64) -> - | C68: =IF(ISBLANK(Tareas!$B64),"-",SUM(D68:K68)) -> - | D68: {=IF(ISBLANK(Tareas!$B64),"-", SUM( SUMIF(INDIRECT(Equipo!$C$4&"!B10:B1000"),$B68,INDIRECT(Equipo!$C$4&"!"&ADDRESS(10,COLUMN(D$9)+10)&":"&ADDRESS(1000,COLUMN(D$9)+10))), SUMIF(INDIRECT(Equipo!$D$4&"!B10:B1000"),$B68,INDIRECT(Equipo!$D$4&"!"&ADDRESS(10,COLUMN(D$9)+10)&":"&ADDRESS(1000,COLUMN(D$9)+10))), SUMIF(INDIRECT(Equipo!$E$4&"!B10:B1000"),$B68,INDIRECT(Equipo!$E$4&"!"&ADDRESS(10,COLUMN(D$9)+10)&":"&ADDRESS(1000,COLUMN(D$9)+10))), SUMIF(INDIRECT(Equipo!$F$4&"!B10:B1000"),$B68,INDIRECT(Equipo!$F$4&"!"&ADDRESS(10,COLUMN(D$9)+10)&":"&ADDRESS(1000,COLUMN(D$9)+10))), SUMIF(INDIRECT(Equipo!$G$4&"!B10:B1000"),$B68,INDIRECT(Equipo!$G$4&"!"&ADDRESS(10,COLUMN(D$9)+10)&":"&ADDRESS(1000,COLUMN(D$9)+10))) ))} -> - | E68: {=IF(ISBLANK(Tareas!$B64),"-", SUM( SUMIF(INDIRECT(Equipo!$C$4&"!B10:B1000"),$B68,INDIRECT(Equipo!$C$4&"!"&ADDRESS(10,COLUMN(E$9)+10)&":"&ADDRESS(1000,COLUMN(E$9)+10))), SUMIF(INDIRECT(Equipo!$D$4&"!B10:B1000"),$B68,INDIRECT(Equipo!$D$4&"!"&ADDRESS(10,COLUMN(E$9)+10)&":"&ADDRESS(1000,COLUMN(E$9)+10))), SUMIF(INDIRECT(Equipo!$E$4&"!B10:B1000"),$B68,INDIRECT(Equipo!$E$4&"!"&ADDRESS(10,COLUMN(E$9)+10)&":"&ADDRESS(1000,COLUMN(E$9)+10))), SUMIF(INDIRECT(Equipo!$F$4&"!B10:B1000"),$B68,INDIRECT(Equipo!$F$4&"!"&ADDRESS(10,COLUMN(E$9)+10)&":"&ADDRESS(1000,COLUMN(E$9)+10))), SUMIF(INDIRECT(Equipo!$G$4&"!B10:B1000"),$B68,INDIRECT(Equipo!$G$4&"!"&ADDRESS(10,COLUMN(E$9)+10)&":"&ADDRESS(1000,COLUMN(E$9)+10))) ))} -> - | F68: {=IF(ISBLANK(Tareas!$B64),"-", SUM( SUMIF(INDIRECT(Equipo!$C$4&"!B10:B1000"),$B68,INDIRECT(Equipo!$C$4&"!"&ADDRESS(10,COLUMN(F$9)+10)&":"&ADDRESS(1000,COLUMN(F$9)+10))), SUMIF(INDIRECT(Equipo!$D$4&"!B10:B1000"),$B68,INDIRECT(Equipo!$D$4&"!"&ADDRESS(10,COLUMN(F$9)+10)&":"&ADDRESS(1000,COLUMN(F$9)+10))), SUMIF(INDIRECT(Equipo!$E$4&"!B10:B1000"),$B68,INDIRECT(Equipo!$E$4&"!"&ADDRESS(10,COLUMN(F$9)+10)&":"&ADDRESS(1000,COLUMN(F$9)+10))), SUMIF(INDIRECT(Equipo!$F$4&"!B10:B1000"),$B68,INDIRECT(Equipo!$F$4&"!"&ADDRESS(10,COLUMN(F$9)+10)&":"&ADDRESS(1000,COLUMN(F$9)+10))), SUMIF(INDIRECT(Equipo!$G$4&"!B10:B1000"),$B68,INDIRECT(Equipo!$G$4&"!"&ADDRESS(10,COLUMN(F$9)+10)&":"&ADDRESS(1000,COLUMN(F$9)+10))) ))} -> - | G68: {=IF(ISBLANK(Tareas!$B64),"-", SUM( SUMIF(INDIRECT(Equipo!$C$4&"!B10:B1000"),$B68,INDIRECT(Equipo!$C$4&"!"&ADDRESS(10,COLUMN(G$9)+10)&":"&ADDRESS(1000,COLUMN(G$9)+10))), SUMIF(INDIRECT(Equipo!$D$4&"!B10:B1000"),$B68,INDIRECT(Equipo!$D$4&"!"&ADDRESS(10,COLUMN(G$9)+10)&":"&ADDRESS(1000,COLUMN(G$9)+10))), SUMIF(INDIRECT(Equipo!$E$4&"!B10:B1000"),$B68,INDIRECT(Equipo!$E$4&"!"&ADDRESS(10,COLUMN(G$9)+10)&":"&ADDRESS(1000,COLUMN(G$9)+10))), SUMIF(INDIRECT(Equipo!$F$4&"!B10:B1000"),$B68,INDIRECT(Equipo!$F$4&"!"&ADDRESS(10,COLUMN(G$9)+10)&":"&ADDRESS(1000,COLUMN(G$9)+10))), SUMIF(INDIRECT(Equipo!$G$4&"!B10:B1000"),$B68,INDIRECT(Equipo!$G$4&"!"&ADDRESS(10,COLUMN(G$9)+10)&":"&ADDRESS(1000,COLUMN(G$9)+10))) ))} -> - | H68: {=IF(ISBLANK(Tareas!$B64),"-", SUM( SUMIF(INDIRECT(Equipo!$C$4&"!B10:B1000"),$B68,INDIRECT(Equipo!$C$4&"!"&ADDRESS(10,COLUMN(H$9)+10)&":"&ADDRESS(1000,COLUMN(H$9)+10))), SUMIF(INDIRECT(Equipo!$D$4&"!B10:B1000"),$B68,INDIRECT(Equipo!$D$4&"!"&ADDRESS(10,COLUMN(H$9)+10)&":"&ADDRESS(1000,COLUMN(H$9)+10))), SUMIF(INDIRECT(Equipo!$E$4&"!B10:B1000"),$B68,INDIRECT(Equipo!$E$4&"!"&ADDRESS(10,COLUMN(H$9)+10)&":"&ADDRESS(1000,COLUMN(H$9)+10))), SUMIF(INDIRECT(Equipo!$F$4&"!B10:B1000"),$B68,INDIRECT(Equipo!$F$4&"!"&ADDRESS(10,COLUMN(H$9)+10)&":"&ADDRESS(1000,COLUMN(H$9)+10))), SUMIF(INDIRECT(Equipo!$G$4&"!B10:B1000"),$B68,INDIRECT(Equipo!$G$4&"!"&ADDRESS(10,COLUMN(H$9)+10)&":"&ADDRESS(1000,COLUMN(H$9)+10))) ))} -> - | I68: {=IF(ISBLANK(Tareas!$B64),"-", SUM( SUMIF(INDIRECT(Equipo!$C$4&"!B10:B1000"),$B68,INDIRECT(Equipo!$C$4&"!"&ADDRESS(10,COLUMN(I$9)+10)&":"&ADDRESS(1000,COLUMN(I$9)+10))), SUMIF(INDIRECT(Equipo!$D$4&"!B10:B1000"),$B68,INDIRECT(Equipo!$D$4&"!"&ADDRESS(10,COLUMN(I$9)+10)&":"&ADDRESS(1000,COLUMN(I$9)+10))), SUMIF(INDIRECT(Equipo!$E$4&"!B10:B1000"),$B68,INDIRECT(Equipo!$E$4&"!"&ADDRESS(10,COLUMN(I$9)+10)&":"&ADDRESS(1000,COLUMN(I$9)+10))), SUMIF(INDIRECT(Equipo!$F$4&"!B10:B1000"),$B68,INDIRECT(Equipo!$F$4&"!"&ADDRESS(10,COLUMN(I$9)+10)&":"&ADDRESS(1000,COLUMN(I$9)+10))), SUMIF(INDIRECT(Equipo!$G$4&"!B10:B1000"),$B68,INDIRECT(Equipo!$G$4&"!"&ADDRESS(10,COLUMN(I$9)+10)&":"&ADDRESS(1000,COLUMN(I$9)+10))) ))} -> - | J68: {=IF(ISBLANK(Tareas!$B64),"-", SUM( SUMIF(INDIRECT(Equipo!$C$4&"!B10:B1000"),$B68,INDIRECT(Equipo!$C$4&"!"&ADDRESS(10,COLUMN(J$9)+10)&":"&ADDRESS(1000,COLUMN(J$9)+10))), SUMIF(INDIRECT(Equipo!$D$4&"!B10:B1000"),$B68,INDIRECT(Equipo!$D$4&"!"&ADDRESS(10,COLUMN(J$9)+10)&":"&ADDRESS(1000,COLUMN(J$9)+10))), SUMIF(INDIRECT(Equipo!$E$4&"!B10:B1000"),$B68,INDIRECT(Equipo!$E$4&"!"&ADDRESS(10,COLUMN(J$9)+10)&":"&ADDRESS(1000,COLUMN(J$9)+10))), SUMIF(INDIRECT(Equipo!$F$4&"!B10:B1000"),$B68,INDIRECT(Equipo!$F$4&"!"&ADDRESS(10,COLUMN(J$9)+10)&":"&ADDRESS(1000,COLUMN(J$9)+10))), SUMIF(INDIRECT(Equipo!$G$4&"!B10:B1000"),$B68,INDIRECT(Equipo!$G$4&"!"&ADDRESS(10,COLUMN(J$9)+10)&":"&ADDRESS(1000,COLUMN(J$9)+10))) ))} -> - | K68: {=IF(ISBLANK(Tareas!$B64),"-", SUM( SUMIF(INDIRECT(Equipo!$C$4&"!B10:B1000"),$B68,INDIRECT(Equipo!$C$4&"!"&ADDRESS(10,COLUMN(K$9)+10)&":"&ADDRESS(1000,COLUMN(K$9)+10))), SUMIF(INDIRECT(Equipo!$D$4&"!B10:B1000"),$B68,INDIRECT(Equipo!$D$4&"!"&ADDRESS(10,COLUMN(K$9)+10)&":"&ADDRESS(1000,COLUMN(K$9)+10))), SUMIF(INDIRECT(Equipo!$E$4&"!B10:B1000"),$B68,INDIRECT(Equipo!$E$4&"!"&ADDRESS(10,COLUMN(K$9)+10)&":"&ADDRESS(1000,COLUMN(K$9)+10))), SUMIF(INDIRECT(Equipo!$F$4&"!B10:B1000"),$B68,INDIRECT(Equipo!$F$4&"!"&ADDRESS(10,COLUMN(K$9)+10)&":"&ADDRESS(1000,COLUMN(K$9)+10))), SUMIF(INDIRECT(Equipo!$G$4&"!B10:B1000"),$B68,INDIRECT(Equipo!$G$4&"!"&ADDRESS(10,COLUMN(K$9)+10)&":"&ADDRESS(1000,COLUMN(K$9)+10))) ))} -> -
B69: =IF(ISBLANK(Tareas!B65)," - ",Tareas!B65) -> - | C69: =IF(ISBLANK(Tareas!$B65),"-",SUM(D69:K69)) -> - | D69: {=IF(ISBLANK(Tareas!$B65),"-", SUM( SUMIF(INDIRECT(Equipo!$C$4&"!B10:B1000"),$B69,INDIRECT(Equipo!$C$4&"!"&ADDRESS(10,COLUMN(D$9)+10)&":"&ADDRESS(1000,COLUMN(D$9)+10))), SUMIF(INDIRECT(Equipo!$D$4&"!B10:B1000"),$B69,INDIRECT(Equipo!$D$4&"!"&ADDRESS(10,COLUMN(D$9)+10)&":"&ADDRESS(1000,COLUMN(D$9)+10))), SUMIF(INDIRECT(Equipo!$E$4&"!B10:B1000"),$B69,INDIRECT(Equipo!$E$4&"!"&ADDRESS(10,COLUMN(D$9)+10)&":"&ADDRESS(1000,COLUMN(D$9)+10))), SUMIF(INDIRECT(Equipo!$F$4&"!B10:B1000"),$B69,INDIRECT(Equipo!$F$4&"!"&ADDRESS(10,COLUMN(D$9)+10)&":"&ADDRESS(1000,COLUMN(D$9)+10))), SUMIF(INDIRECT(Equipo!$G$4&"!B10:B1000"),$B69,INDIRECT(Equipo!$G$4&"!"&ADDRESS(10,COLUMN(D$9)+10)&":"&ADDRESS(1000,COLUMN(D$9)+10))) ))} -> - | E69: {=IF(ISBLANK(Tareas!$B65),"-", SUM( SUMIF(INDIRECT(Equipo!$C$4&"!B10:B1000"),$B69,INDIRECT(Equipo!$C$4&"!"&ADDRESS(10,COLUMN(E$9)+10)&":"&ADDRESS(1000,COLUMN(E$9)+10))), SUMIF(INDIRECT(Equipo!$D$4&"!B10:B1000"),$B69,INDIRECT(Equipo!$D$4&"!"&ADDRESS(10,COLUMN(E$9)+10)&":"&ADDRESS(1000,COLUMN(E$9)+10))), SUMIF(INDIRECT(Equipo!$E$4&"!B10:B1000"),$B69,INDIRECT(Equipo!$E$4&"!"&ADDRESS(10,COLUMN(E$9)+10)&":"&ADDRESS(1000,COLUMN(E$9)+10))), SUMIF(INDIRECT(Equipo!$F$4&"!B10:B1000"),$B69,INDIRECT(Equipo!$F$4&"!"&ADDRESS(10,COLUMN(E$9)+10)&":"&ADDRESS(1000,COLUMN(E$9)+10))), SUMIF(INDIRECT(Equipo!$G$4&"!B10:B1000"),$B69,INDIRECT(Equipo!$G$4&"!"&ADDRESS(10,COLUMN(E$9)+10)&":"&ADDRESS(1000,COLUMN(E$9)+10))) ))} -> - | F69: {=IF(ISBLANK(Tareas!$B65),"-", SUM( SUMIF(INDIRECT(Equipo!$C$4&"!B10:B1000"),$B69,INDIRECT(Equipo!$C$4&"!"&ADDRESS(10,COLUMN(F$9)+10)&":"&ADDRESS(1000,COLUMN(F$9)+10))), SUMIF(INDIRECT(Equipo!$D$4&"!B10:B1000"),$B69,INDIRECT(Equipo!$D$4&"!"&ADDRESS(10,COLUMN(F$9)+10)&":"&ADDRESS(1000,COLUMN(F$9)+10))), SUMIF(INDIRECT(Equipo!$E$4&"!B10:B1000"),$B69,INDIRECT(Equipo!$E$4&"!"&ADDRESS(10,COLUMN(F$9)+10)&":"&ADDRESS(1000,COLUMN(F$9)+10))), SUMIF(INDIRECT(Equipo!$F$4&"!B10:B1000"),$B69,INDIRECT(Equipo!$F$4&"!"&ADDRESS(10,COLUMN(F$9)+10)&":"&ADDRESS(1000,COLUMN(F$9)+10))), SUMIF(INDIRECT(Equipo!$G$4&"!B10:B1000"),$B69,INDIRECT(Equipo!$G$4&"!"&ADDRESS(10,COLUMN(F$9)+10)&":"&ADDRESS(1000,COLUMN(F$9)+10))) ))} -> - | G69: {=IF(ISBLANK(Tareas!$B65),"-", SUM( SUMIF(INDIRECT(Equipo!$C$4&"!B10:B1000"),$B69,INDIRECT(Equipo!$C$4&"!"&ADDRESS(10,COLUMN(G$9)+10)&":"&ADDRESS(1000,COLUMN(G$9)+10))), SUMIF(INDIRECT(Equipo!$D$4&"!B10:B1000"),$B69,INDIRECT(Equipo!$D$4&"!"&ADDRESS(10,COLUMN(G$9)+10)&":"&ADDRESS(1000,COLUMN(G$9)+10))), SUMIF(INDIRECT(Equipo!$E$4&"!B10:B1000"),$B69,INDIRECT(Equipo!$E$4&"!"&ADDRESS(10,COLUMN(G$9)+10)&":"&ADDRESS(1000,COLUMN(G$9)+10))), SUMIF(INDIRECT(Equipo!$F$4&"!B10:B1000"),$B69,INDIRECT(Equipo!$F$4&"!"&ADDRESS(10,COLUMN(G$9)+10)&":"&ADDRESS(1000,COLUMN(G$9)+10))), SUMIF(INDIRECT(Equipo!$G$4&"!B10:B1000"),$B69,INDIRECT(Equipo!$G$4&"!"&ADDRESS(10,COLUMN(G$9)+10)&":"&ADDRESS(1000,COLUMN(G$9)+10))) ))} -> - | H69: {=IF(ISBLANK(Tareas!$B65),"-", SUM( SUMIF(INDIRECT(Equipo!$C$4&"!B10:B1000"),$B69,INDIRECT(Equipo!$C$4&"!"&ADDRESS(10,COLUMN(H$9)+10)&":"&ADDRESS(1000,COLUMN(H$9)+10))), SUMIF(INDIRECT(Equipo!$D$4&"!B10:B1000"),$B69,INDIRECT(Equipo!$D$4&"!"&ADDRESS(10,COLUMN(H$9)+10)&":"&ADDRESS(1000,COLUMN(H$9)+10))), SUMIF(INDIRECT(Equipo!$E$4&"!B10:B1000"),$B69,INDIRECT(Equipo!$E$4&"!"&ADDRESS(10,COLUMN(H$9)+10)&":"&ADDRESS(1000,COLUMN(H$9)+10))), SUMIF(INDIRECT(Equipo!$F$4&"!B10:B1000"),$B69,INDIRECT(Equipo!$F$4&"!"&ADDRESS(10,COLUMN(H$9)+10)&":"&ADDRESS(1000,COLUMN(H$9)+10))), SUMIF(INDIRECT(Equipo!$G$4&"!B10:B1000"),$B69,INDIRECT(Equipo!$G$4&"!"&ADDRESS(10,COLUMN(H$9)+10)&":"&ADDRESS(1000,COLUMN(H$9)+10))) ))} -> - | I69: {=IF(ISBLANK(Tareas!$B65),"-", SUM( SUMIF(INDIRECT(Equipo!$C$4&"!B10:B1000"),$B69,INDIRECT(Equipo!$C$4&"!"&ADDRESS(10,COLUMN(I$9)+10)&":"&ADDRESS(1000,COLUMN(I$9)+10))), SUMIF(INDIRECT(Equipo!$D$4&"!B10:B1000"),$B69,INDIRECT(Equipo!$D$4&"!"&ADDRESS(10,COLUMN(I$9)+10)&":"&ADDRESS(1000,COLUMN(I$9)+10))), SUMIF(INDIRECT(Equipo!$E$4&"!B10:B1000"),$B69,INDIRECT(Equipo!$E$4&"!"&ADDRESS(10,COLUMN(I$9)+10)&":"&ADDRESS(1000,COLUMN(I$9)+10))), SUMIF(INDIRECT(Equipo!$F$4&"!B10:B1000"),$B69,INDIRECT(Equipo!$F$4&"!"&ADDRESS(10,COLUMN(I$9)+10)&":"&ADDRESS(1000,COLUMN(I$9)+10))), SUMIF(INDIRECT(Equipo!$G$4&"!B10:B1000"),$B69,INDIRECT(Equipo!$G$4&"!"&ADDRESS(10,COLUMN(I$9)+10)&":"&ADDRESS(1000,COLUMN(I$9)+10))) ))} -> - | J69: {=IF(ISBLANK(Tareas!$B65),"-", SUM( SUMIF(INDIRECT(Equipo!$C$4&"!B10:B1000"),$B69,INDIRECT(Equipo!$C$4&"!"&ADDRESS(10,COLUMN(J$9)+10)&":"&ADDRESS(1000,COLUMN(J$9)+10))), SUMIF(INDIRECT(Equipo!$D$4&"!B10:B1000"),$B69,INDIRECT(Equipo!$D$4&"!"&ADDRESS(10,COLUMN(J$9)+10)&":"&ADDRESS(1000,COLUMN(J$9)+10))), SUMIF(INDIRECT(Equipo!$E$4&"!B10:B1000"),$B69,INDIRECT(Equipo!$E$4&"!"&ADDRESS(10,COLUMN(J$9)+10)&":"&ADDRESS(1000,COLUMN(J$9)+10))), SUMIF(INDIRECT(Equipo!$F$4&"!B10:B1000"),$B69,INDIRECT(Equipo!$F$4&"!"&ADDRESS(10,COLUMN(J$9)+10)&":"&ADDRESS(1000,COLUMN(J$9)+10))), SUMIF(INDIRECT(Equipo!$G$4&"!B10:B1000"),$B69,INDIRECT(Equipo!$G$4&"!"&ADDRESS(10,COLUMN(J$9)+10)&":"&ADDRESS(1000,COLUMN(J$9)+10))) ))} -> - | K69: {=IF(ISBLANK(Tareas!$B65),"-", SUM( SUMIF(INDIRECT(Equipo!$C$4&"!B10:B1000"),$B69,INDIRECT(Equipo!$C$4&"!"&ADDRESS(10,COLUMN(K$9)+10)&":"&ADDRESS(1000,COLUMN(K$9)+10))), SUMIF(INDIRECT(Equipo!$D$4&"!B10:B1000"),$B69,INDIRECT(Equipo!$D$4&"!"&ADDRESS(10,COLUMN(K$9)+10)&":"&ADDRESS(1000,COLUMN(K$9)+10))), SUMIF(INDIRECT(Equipo!$E$4&"!B10:B1000"),$B69,INDIRECT(Equipo!$E$4&"!"&ADDRESS(10,COLUMN(K$9)+10)&":"&ADDRESS(1000,COLUMN(K$9)+10))), SUMIF(INDIRECT(Equipo!$F$4&"!B10:B1000"),$B69,INDIRECT(Equipo!$F$4&"!"&ADDRESS(10,COLUMN(K$9)+10)&":"&ADDRESS(1000,COLUMN(K$9)+10))), SUMIF(INDIRECT(Equipo!$G$4&"!B10:B1000"),$B69,INDIRECT(Equipo!$G$4&"!"&ADDRESS(10,COLUMN(K$9)+10)&":"&ADDRESS(1000,COLUMN(K$9)+10))) ))} -> -
B70: =IF(ISBLANK(Tareas!B66)," - ",Tareas!B66) -> - | C70: =IF(ISBLANK(Tareas!$B66),"-",SUM(D70:K70)) -> - | D70: {=IF(ISBLANK(Tareas!$B66),"-", SUM( SUMIF(INDIRECT(Equipo!$C$4&"!B10:B1000"),$B70,INDIRECT(Equipo!$C$4&"!"&ADDRESS(10,COLUMN(D$9)+10)&":"&ADDRESS(1000,COLUMN(D$9)+10))), SUMIF(INDIRECT(Equipo!$D$4&"!B10:B1000"),$B70,INDIRECT(Equipo!$D$4&"!"&ADDRESS(10,COLUMN(D$9)+10)&":"&ADDRESS(1000,COLUMN(D$9)+10))), SUMIF(INDIRECT(Equipo!$E$4&"!B10:B1000"),$B70,INDIRECT(Equipo!$E$4&"!"&ADDRESS(10,COLUMN(D$9)+10)&":"&ADDRESS(1000,COLUMN(D$9)+10))), SUMIF(INDIRECT(Equipo!$F$4&"!B10:B1000"),$B70,INDIRECT(Equipo!$F$4&"!"&ADDRESS(10,COLUMN(D$9)+10)&":"&ADDRESS(1000,COLUMN(D$9)+10))), SUMIF(INDIRECT(Equipo!$G$4&"!B10:B1000"),$B70,INDIRECT(Equipo!$G$4&"!"&ADDRESS(10,COLUMN(D$9)+10)&":"&ADDRESS(1000,COLUMN(D$9)+10))) ))} -> - | E70: {=IF(ISBLANK(Tareas!$B66),"-", SUM( SUMIF(INDIRECT(Equipo!$C$4&"!B10:B1000"),$B70,INDIRECT(Equipo!$C$4&"!"&ADDRESS(10,COLUMN(E$9)+10)&":"&ADDRESS(1000,COLUMN(E$9)+10))), SUMIF(INDIRECT(Equipo!$D$4&"!B10:B1000"),$B70,INDIRECT(Equipo!$D$4&"!"&ADDRESS(10,COLUMN(E$9)+10)&":"&ADDRESS(1000,COLUMN(E$9)+10))), SUMIF(INDIRECT(Equipo!$E$4&"!B10:B1000"),$B70,INDIRECT(Equipo!$E$4&"!"&ADDRESS(10,COLUMN(E$9)+10)&":"&ADDRESS(1000,COLUMN(E$9)+10))), SUMIF(INDIRECT(Equipo!$F$4&"!B10:B1000"),$B70,INDIRECT(Equipo!$F$4&"!"&ADDRESS(10,COLUMN(E$9)+10)&":"&ADDRESS(1000,COLUMN(E$9)+10))), SUMIF(INDIRECT(Equipo!$G$4&"!B10:B1000"),$B70,INDIRECT(Equipo!$G$4&"!"&ADDRESS(10,COLUMN(E$9)+10)&":"&ADDRESS(1000,COLUMN(E$9)+10))) ))} -> - | F70: {=IF(ISBLANK(Tareas!$B66),"-", SUM( SUMIF(INDIRECT(Equipo!$C$4&"!B10:B1000"),$B70,INDIRECT(Equipo!$C$4&"!"&ADDRESS(10,COLUMN(F$9)+10)&":"&ADDRESS(1000,COLUMN(F$9)+10))), SUMIF(INDIRECT(Equipo!$D$4&"!B10:B1000"),$B70,INDIRECT(Equipo!$D$4&"!"&ADDRESS(10,COLUMN(F$9)+10)&":"&ADDRESS(1000,COLUMN(F$9)+10))), SUMIF(INDIRECT(Equipo!$E$4&"!B10:B1000"),$B70,INDIRECT(Equipo!$E$4&"!"&ADDRESS(10,COLUMN(F$9)+10)&":"&ADDRESS(1000,COLUMN(F$9)+10))), SUMIF(INDIRECT(Equipo!$F$4&"!B10:B1000"),$B70,INDIRECT(Equipo!$F$4&"!"&ADDRESS(10,COLUMN(F$9)+10)&":"&ADDRESS(1000,COLUMN(F$9)+10))), SUMIF(INDIRECT(Equipo!$G$4&"!B10:B1000"),$B70,INDIRECT(Equipo!$G$4&"!"&ADDRESS(10,COLUMN(F$9)+10)&":"&ADDRESS(1000,COLUMN(F$9)+10))) ))} -> - | G70: {=IF(ISBLANK(Tareas!$B66),"-", SUM( SUMIF(INDIRECT(Equipo!$C$4&"!B10:B1000"),$B70,INDIRECT(Equipo!$C$4&"!"&ADDRESS(10,COLUMN(G$9)+10)&":"&ADDRESS(1000,COLUMN(G$9)+10))), SUMIF(INDIRECT(Equipo!$D$4&"!B10:B1000"),$B70,INDIRECT(Equipo!$D$4&"!"&ADDRESS(10,COLUMN(G$9)+10)&":"&ADDRESS(1000,COLUMN(G$9)+10))), SUMIF(INDIRECT(Equipo!$E$4&"!B10:B1000"),$B70,INDIRECT(Equipo!$E$4&"!"&ADDRESS(10,COLUMN(G$9)+10)&":"&ADDRESS(1000,COLUMN(G$9)+10))), SUMIF(INDIRECT(Equipo!$F$4&"!B10:B1000"),$B70,INDIRECT(Equipo!$F$4&"!"&ADDRESS(10,COLUMN(G$9)+10)&":"&ADDRESS(1000,COLUMN(G$9)+10))), SUMIF(INDIRECT(Equipo!$G$4&"!B10:B1000"),$B70,INDIRECT(Equipo!$G$4&"!"&ADDRESS(10,COLUMN(G$9)+10)&":"&ADDRESS(1000,COLUMN(G$9)+10))) ))} -> - | H70: {=IF(ISBLANK(Tareas!$B66),"-", SUM( SUMIF(INDIRECT(Equipo!$C$4&"!B10:B1000"),$B70,INDIRECT(Equipo!$C$4&"!"&ADDRESS(10,COLUMN(H$9)+10)&":"&ADDRESS(1000,COLUMN(H$9)+10))), SUMIF(INDIRECT(Equipo!$D$4&"!B10:B1000"),$B70,INDIRECT(Equipo!$D$4&"!"&ADDRESS(10,COLUMN(H$9)+10)&":"&ADDRESS(1000,COLUMN(H$9)+10))), SUMIF(INDIRECT(Equipo!$E$4&"!B10:B1000"),$B70,INDIRECT(Equipo!$E$4&"!"&ADDRESS(10,COLUMN(H$9)+10)&":"&ADDRESS(1000,COLUMN(H$9)+10))), SUMIF(INDIRECT(Equipo!$F$4&"!B10:B1000"),$B70,INDIRECT(Equipo!$F$4&"!"&ADDRESS(10,COLUMN(H$9)+10)&":"&ADDRESS(1000,COLUMN(H$9)+10))), SUMIF(INDIRECT(Equipo!$G$4&"!B10:B1000"),$B70,INDIRECT(Equipo!$G$4&"!"&ADDRESS(10,COLUMN(H$9)+10)&":"&ADDRESS(1000,COLUMN(H$9)+10))) ))} -> - | I70: {=IF(ISBLANK(Tareas!$B66),"-", SUM( SUMIF(INDIRECT(Equipo!$C$4&"!B10:B1000"),$B70,INDIRECT(Equipo!$C$4&"!"&ADDRESS(10,COLUMN(I$9)+10)&":"&ADDRESS(1000,COLUMN(I$9)+10))), SUMIF(INDIRECT(Equipo!$D$4&"!B10:B1000"),$B70,INDIRECT(Equipo!$D$4&"!"&ADDRESS(10,COLUMN(I$9)+10)&":"&ADDRESS(1000,COLUMN(I$9)+10))), SUMIF(INDIRECT(Equipo!$E$4&"!B10:B1000"),$B70,INDIRECT(Equipo!$E$4&"!"&ADDRESS(10,COLUMN(I$9)+10)&":"&ADDRESS(1000,COLUMN(I$9)+10))), SUMIF(INDIRECT(Equipo!$F$4&"!B10:B1000"),$B70,INDIRECT(Equipo!$F$4&"!"&ADDRESS(10,COLUMN(I$9)+10)&":"&ADDRESS(1000,COLUMN(I$9)+10))), SUMIF(INDIRECT(Equipo!$G$4&"!B10:B1000"),$B70,INDIRECT(Equipo!$G$4&"!"&ADDRESS(10,COLUMN(I$9)+10)&":"&ADDRESS(1000,COLUMN(I$9)+10))) ))} -> - | J70: {=IF(ISBLANK(Tareas!$B66),"-", SUM( SUMIF(INDIRECT(Equipo!$C$4&"!B10:B1000"),$B70,INDIRECT(Equipo!$C$4&"!"&ADDRESS(10,COLUMN(J$9)+10)&":"&ADDRESS(1000,COLUMN(J$9)+10))), SUMIF(INDIRECT(Equipo!$D$4&"!B10:B1000"),$B70,INDIRECT(Equipo!$D$4&"!"&ADDRESS(10,COLUMN(J$9)+10)&":"&ADDRESS(1000,COLUMN(J$9)+10))), SUMIF(INDIRECT(Equipo!$E$4&"!B10:B1000"),$B70,INDIRECT(Equipo!$E$4&"!"&ADDRESS(10,COLUMN(J$9)+10)&":"&ADDRESS(1000,COLUMN(J$9)+10))), SUMIF(INDIRECT(Equipo!$F$4&"!B10:B1000"),$B70,INDIRECT(Equipo!$F$4&"!"&ADDRESS(10,COLUMN(J$9)+10)&":"&ADDRESS(1000,COLUMN(J$9)+10))), SUMIF(INDIRECT(Equipo!$G$4&"!B10:B1000"),$B70,INDIRECT(Equipo!$G$4&"!"&ADDRESS(10,COLUMN(J$9)+10)&":"&ADDRESS(1000,COLUMN(J$9)+10))) ))} -> - | K70: {=IF(ISBLANK(Tareas!$B66),"-", SUM( SUMIF(INDIRECT(Equipo!$C$4&"!B10:B1000"),$B70,INDIRECT(Equipo!$C$4&"!"&ADDRESS(10,COLUMN(K$9)+10)&":"&ADDRESS(1000,COLUMN(K$9)+10))), SUMIF(INDIRECT(Equipo!$D$4&"!B10:B1000"),$B70,INDIRECT(Equipo!$D$4&"!"&ADDRESS(10,COLUMN(K$9)+10)&":"&ADDRESS(1000,COLUMN(K$9)+10))), SUMIF(INDIRECT(Equipo!$E$4&"!B10:B1000"),$B70,INDIRECT(Equipo!$E$4&"!"&ADDRESS(10,COLUMN(K$9)+10)&":"&ADDRESS(1000,COLUMN(K$9)+10))), SUMIF(INDIRECT(Equipo!$F$4&"!B10:B1000"),$B70,INDIRECT(Equipo!$F$4&"!"&ADDRESS(10,COLUMN(K$9)+10)&":"&ADDRESS(1000,COLUMN(K$9)+10))), SUMIF(INDIRECT(Equipo!$G$4&"!B10:B1000"),$B70,INDIRECT(Equipo!$G$4&"!"&ADDRESS(10,COLUMN(K$9)+10)&":"&ADDRESS(1000,COLUMN(K$9)+10))) ))} -> -
